file_hash,create_dt,file_name
0015f8a000c7d97887047b28a9aeca6b,1,20240817_143745.jpg
0099a6098441c58d265536771fb08e9f,1,20241130_154213.jpg
00c3dd6925c8b15146b2b017c7b18742,1,20240727_140527.jpg
00e530e029913f04424dd3c1ba03e1d3,1,20241101_222114.jpg
00fce12b0c27115346e7041827a06d9b,1,20241124_193028.jpg
0122df909d7ea1a6f2d5408459b83a26,1,20241225_182738.jpg
016dc0a2ddefcfccd5d71c473d4e93b5,1,20240816_112446.jpg
017e83460f3561ffa6b420dde5c69602,1,20240815_131242.jpg
0191b37174a03db65ebc312d108f32d2,1,20240929_171037.jpg
019a4f50633cd4953af33a777328080c,1,20241225_221644.jpg
01b3b00f5c6244ba8f1b695573a1f813,1,20241108_174506.jpg
01ba3875d58dcdc69304e3b6d28b9bac,1,20241117_183107.jpg
01dfc242d3cbd72f8554a6bf3a0b5ff3,1,20241123_135919.jpg
022dc6e6bd4af2d4c40cfa564346c5c3,1,20241117_180715.jpg
026a08a2120dcdc9851316f1d4416421,1,20241102_124213.jpg
028812a32801f7ddd9776472bd2c643e,1,20241130_165824.jpg
02df48be6af2d3fecfff1969acfdf0d8,1,20240929_190201.jpg
02fc5ad509225742fc7b79ca1c84ef61,1,20241026_135615.jpg
033364bd939dfb9cc3f871424a198d55,1,20240920_173312.jpg
033ef72bb528441672ac658b5cb01082,1,20240815_131607.jpg
0359473a291eca4e0d009dfbe5729b66,1,20240727_182253.jpg
037de6d1508e501ce595190a451cf41e,1,20241117_183101.jpg
03d0441f210a44f4702dbc4c28c1d52e,1,20241026_133841.jpg
03f016e6b28b6b5b3585d1f3b3797b5f,1,20241130_165619.jpg
0458cdc5262c37c1fff7932ab4e70f37,1,20241108_103834.jpg
0482974cbcd0c01a6389c1a0217f5f5a,1,20240727_182257.jpg
04bc8a5665dcc82dee96c8c8661ff7d8,1,20240729_093711.jpg
04cf6468ff9349498f75050544b30df2,1,20241108_174500.jpg
04d6ff4ba7cbdea9ba4c0bc38df53067,1,20241123_135422.jpg
04dccb80c0411370cfcf180ce88889f6,1,20240727_124623.jpg
04fe532cfc644b3cf2a935427f1c5261,1,20241001_231709.jpg
0528fdfee9369086ba17821cdf2ff2ea,1,20241212_192211.jpg
054fbec3bc681bab8fcfcfeb0464cd4d,1,20241101_170438.jpg
05e87e443ee871dec4e64fd7b2c38450,1,20240727_182050.jpg
069152438e396730f712e23a9d9543bf,1,20241101_220318.jpg
07095a959c60cc98e4dbd1f90cc03f21,1,20241101_180822.jpg
0714abde75da2aadb864842b9c4623be,1,20240816_174057.jpg
07188727d5fff747b50c84924dbe6aac,1,20240727_183210.jpg
07214ec482378a1bb65206d6dfefe197,1,20240728_175943.jpg
077cfb7a5c50969f2f72ce576784f1c0,1,20241129_203438.jpg
078ec6356cebb08f59fa85f776a50e3b,1,20240915_190100.jpg
07ac666c9addbbdc9d7e900bc5f48567,1,20241007_215234.jpg
07e9e07285023e6b0956c7bb3d845bff,1,20241102_124131.jpg
08065ac5fcc34b933f66099b77dd81d4,1,20240824_161834.jpg
08265a7b75339f3d50cac1be462a2071,1,20240727_184231.jpg
083fbe8b4f3fb00ba40b9baf7c6d9bf2,1,20241208_101319.jpg
08c9538332c01d3964ce2e6ea87d2265,1,20240728_190054.jpg
08dc789e58ba8b1f65f60b65734dbe3a,1,20241012_133552(0).jpg
08fc1eaccbe3e5f57d3641e8c9f59448,1,20240929_164534.jpg
092012696058ee57045ccea38035cf82,1,20240729_092632.jpg
094c05cdfd7cf92e17b1d34063128356,1,20241130_090851.jpg
09564292de65025e174db00f2faf5b73,1,20240727_185920.jpg
09665e5b0efc983bc90feda27bed08b5,1,20241124_193024.jpg
09ac136a54ec31cde1b859fbaf3d30b7,1,20240727_195547.jpg
09c6346a2e01b451dddb70eeed6a1d6c,1,20240929_184024.jpg
0a06d82858c0d7399877e8cee61ad9bb,1,20241101_183706.jpg
0a679e80a56778a70f64de4bd807e371,1,20241013_133311.jpg
0a6d73b46701b07cc7d830c664f64259,1,20240727_182038.jpg
0a9cd8a83a388197675fb6c0c65d704b,1,20241117_180727.jpg
0ae30ad77ad56731297ff4baecc1f36c,1,20240727_195549.jpg
0ae65bdf45381cdf3aa1d72575a1fc23,1,20241130_163402.jpg
0b142c42efd774361afa6433a66b342b,1,20240908_174444.jpg
0b2e36eb1097dd67393e0191cc3be03a,1,20240915_185658.jpg
0b3a4ace11a17a24ee1d0fa0c043047d,1,20240912_213713.jpg
0ba5bb7084e20d8184afd9b1cdb5d7dd,1,20240927_190817.jpg
0bb3c2c1b508c15d64202f560ae66dac,1,20240727_185917.jpg
0be516b7dc22a4618ef3ebe03a8d7dc1,1,20240930_124340.jpg
0bf5c6246441ed1dcf138225ae828913,1,20240727_104916.jpg
0c594605816e999dd1aa716210022927,1,20241117_181225.jpg
0cc07ff8ad1f29800963c7a285effb5c,1,20240815_093853.jpg
0cdc07b454e63d043ee36666ad0166bd,1,20240729_184838.jpg
0cf727f18269d5ba121547a071fd3be8,1,20241123_115758.jpg
0d0f393015004d5848c6a9d7c1bcd3d0,1,20240727_182026.jpg
0d7f0b163c458449aa1d0a221995015d,1,20240727_190205.jpg
0d90276542455859d67331102e4ef4f1,1,20240728_190001.jpg
0d969b6ddc3f0f2dabe337233fc726f7,1,20240809_192936.jpg
0dc0e3f0d9e83201cff49f3e979f7f53,1,20240727_185753.jpg
0de235d6db066131877ff24b1af485ef,1,20240728_182121.jpg
0ea5423eab52b9d5c118294d20704ac4,1,20241026_131156.jpg
0edc36bdf12e072be1b36ef808d0e24e,1,20241207_195432.jpg
0eefdac9d1c7c9b3eba4ae32133e8baf,1,20240816_123703.jpg
0f1449dd2e17af2687179f2a49787de7,1,20240914_170439.jpg
0f333cf6217b6c95e01a4546db324168,1,20240727_185923.jpg
0f5da5563b654794ee5cf13b05b7e46c,1,20241102_132933.jpg
0f7223f04c299a421706980b27c7bf5a,1,20240906_102021.jpg
0f7a510369a35d3c41558696d708f084,1,20240728_212014.jpg
0f8a88f04a985cf52755b7bf98a8e0e1,1,20240814_221251.jpg
0ff29909a103416b262bcf37a0e5cbb5,1,20241011_174825.jpg
1070e78df2106c07c92f9b814b84c02e,1,20241123_135827.jpg
1122c9870383c2de36194ce297c4d5e8,1,20240816_131049.jpg
112e049639b68a60d76d219fccaf03c9,1,20241130_160737.jpg
11553c22d733c260c0f61988c2e9d3fc,1,20240929_151024.jpg
115e34601f3d9a04d87605102ee5c664,1,20241108_175341.jpg
116086d6bf590ccc69d057b435c73abc,1,20240728_182120.jpg
116484706f494db950b675b4ef909463,1,20241130_165618.jpg
1170602bd1f833aaf50f1f57fdf08289,1,20241225_193129.jpg
1196ac7caa5b917f5288300caa8f0a74,1,20240809_192908.jpg
11a976774448d79c587ac092776f11f5,1,20241117_183113.jpg
11eff845d1f76e0171dcb0ab96dadaa2,1,20241102_194103.jpg
12332ea7615193b384e135f1ba739097,1,20241102_105937.jpg
128e6093eda770142d7ceb1579e9bbc7,1,20241102_132929.jpg
129c28eda4a2e55775835d1df8194852,1,20241215_133851.jpg
12ab61a37933beb1b4bc225c3d88e2c1,1,20240727_190340.jpg
139985e710c309439f9e52885cf82b57,1,20240816_211447.jpg
13a327e99693bb43101191447a7f3c4c,1,20240728_212009.jpg
13acaccb41d51cbe507e29dba1077ea9,1,20240728_190157.jpg
1436cb422a7390443d9f0aef22668e1d,1,20240930_083157.jpg
14902140592267dcf078c21049a6df80,1,20241222_173300.jpg
14b2c11f4ef96e720986c95e15410b46,1,20240816_112453.jpg
14b725eae8d6579f68e1a83a1bf05933,1,20241102_124146.jpg
14d4cd020896d91939de70f4fa916004,1,20240727_184226.jpg
15807d0516f304cd9cb3fff0699a1c98,1,20241130_170226.jpg
15a56d0d30e9645522fb168fa0d247ce,1,20241101_220652.jpg
15a68188c7d3e31bc0c044f7420bc5c6,1,20240728_212015.jpg
15ae7d9453eb3abc44a4b19e759ba8f5,1,20240816_184246.jpg
15affab182c137e9a00c2899b029306f,1,20240929_190151.jpg
15e94e1daebe1329a7ad16fbc076a60f,1,20241102_131821.jpg
15fa6f8411c4b6de398018b7162859ec,1,20241124_192747.jpg
16254a663b252dfdb0d25ce203175fa8,1,20241130_082015.jpg
17863ef95ec64b2fcf2eb3da9ac4f585,1,20241130_164659.jpg
179e4df9bbd0406ddf5105548e6103bc,1,20241123_115742.jpg
17dc65225ecaae9928818e080cf84b96,1,20240929_171039.jpg
17f16ad280e530af1dd1f41b0fdbbeb5,1,20240727_110721.jpg
17fcc3b1669b9d279235db64e2bfeb24,1,20240929_192902.jpg
180faa495aad359d759bc6223a940a03,1,20241102_124206.jpg
1840298d0dc096ec3f4531b8d8ebd64a,1,20240727_190317.jpg
1868fa82b312443a7a1ea54015fbb820,1,20240929_171755.jpg
188ae4071bd543782a8982e7fae2262e,1,20240727_140528.jpg
1927c7ff3151eedf1d3af8fbad57641b,1,20241123_135844.jpg
192f315860cfe3cebf2b0a6099c23e46,1,20241130_200116.jpg
1965fa8a60cb736aa205cdc65850b2dd,1,20240727_184546.jpg
19741e4977a8ff62cd2f5120a3669002,1,20241114_211145.jpg
19a404c8583ed35b9910a25a43f1f388,1,20241103_201716.jpg
19c30b39381925c63bdb89a6e5e1cb0e,1,20240727_190305.jpg
19e52ca5c1f3f089d9d50cfb8d4700f6,1,20240916_152151.jpg
19fb1a6a2fd8f0a5a2300a53d8457892,1,20241116_164042.jpg
1a021202fa3494abfc37503b74ada4c9,1,20240729_003737.jpg
1a2b6e033cdd763b42c5d657368b5948,1,20241101_165750.jpg
1a590b6b881c5e8de60c2b6798f4dce2,1,20240728_190131.jpg
1a5abd68d7ae0a4b115ba233575cad81,1,20240929_171756.jpg
1a68a0dd9ab8674bf770fd3194853ad1,1,20240929_190208.jpg
1aae7723be3479266b2e074e11411444,1,20241123_135612.jpg
1abf4f461caac1b4a102c5c09d7ed01f,1,20241124_192754.jpg
1ac528a0ac907449aefe6839354f3095,1,20240816_134218.jpg
1ae7484116a84b881b4759ac0bf0b9a0,1,20240914_192412.jpg
1af419fbc21022499ff3c685624153bc,1,20240729_092622.jpg
1b36c24e98be804248d9b1be9df3dd8d,1,20240918_194152.jpg
1b42114f87c91dc66179df9c3f5689b1,1,20241212_194328.jpg
1b49c9bfd0683f106d11ac062ff4af2b,1,20240914_140711.jpg
1b673212eafc244de8cd95e2cae2f46d,1,20240831_225031.jpg
1bb3109389c53814c07a0cc2e1ce344f,1,20240929_172247.jpg
1bc1b64b85987f8cede5c4d9fffcf4b3,1,20241215_141430.jpg
1bd39bcc2d8db4e4b9f69ac14f4ca1b5,1,20240909_205308.jpg
1be647da6a81fa11c6717f5140f49e38,1,20240728_175800.jpg
1c009769dd59b2030d6c25552c22d9d4,1,20240915_185704.jpg
1c0d7d1ef0d1711c7617812d95bf8b9c,1,20240914_174727.jpg
1c1483159f03d4405d94d2734530b4ad,1,20240918_194201.jpg
1c6c4eb53bdbaa4bcf94da203e6712be,1,20240816_192105.jpg
1ca7ac23200888389f59df50100c7c29,1,20240727_195556.jpg
1cc32f292afd80c6919b03ca29e9896e,1,20240727_184223.jpg
1ce7cef8343f27d62efbda6784ca2742,1,20240727_184222.jpg
1cfac261eee98ac40992d02fdd5e7b2e,1,20240917_173347.jpg
1d9f9bd560278c45e843658a0ef69ba8,1,20240727_190345.jpg
1daa438a3c1eafdb64dce0f73c86c736,1,20241101_220019.jpg
1db5a43192c26f56eeb809f6a23ad211,1,20241102_145511.jpg
1dd772acdd2984b3d3a8e678d7c1a65d,1,20241013_165227.jpg
1e11b954909960e7a4e26da59878d898,1,20240908_162757.jpg
1e3bef0bfd5b4173e0176cd95572bb0b,1,20241101_222116.jpg
1f10b9d15f265f4958ba32991d37e56a,1,20240828_210506.jpg
1f20c48cf10ffadf0d44df438c54c232,1,20240728_182248.jpg
1f20fdfadf39b2690f9d9f01117b5b20,1,20241117_181212.jpg
1f61db2798b44beeb0460bdb5cf9be00,1,20240929_173238.jpg
1f7e3aba6d8106b23d7fb6ed56a76384,1,20240727_185629.jpg
1f980af102bdec1877d140a1245ef1f6,1,20240728_193010.jpg
1fc560a6d5554274c9e9ec9d41c9bcc2,1,20240824_161821.jpg
1fc858a6ac1f773b4af0e348521c9ec0,1,20241012_133551.jpg
1fc9e45f24d450e9e1f72d0746fe3744,1,20240728_182117.jpg
1fe24047a9de6830767e5bfa05346b19,1,20241129_203423.jpg
1ff2b37167e7509080b96fdfeb489886,1,20241227_185631.jpg
2012841466df3c528e0aa219f93d333d,1,20241013_165251.jpg
20e76547b8e72443892610d7ac756d79,1,20240910_185325.jpg
2111e3bbfc7a0b8f6343a669c3e4269b,1,20240729_093717.jpg
211317e8d5223a99b3fc2e2d25a315e8,1,20241113_132527.jpg
2131b89847ff0c2a86a15c75efe6a4d9,1,20240915_185705.jpg
21659cf523ec907bcd8f5a8855ef5418,1,20240907_130947.jpg
21777edcf1c5fd2805eeb0ba2f34a913,1,20240727_185756.jpg
21c08664eed6f219d2f4b8da3b9ae428,1,20241130_170110.jpg
21e29909e9dcdc5ebaeb434455e7f00d,1,20240929_184028.jpg
223132053b840d52d1be9df609b09bed,1,20240727_184224.jpg
228662080e5d9c951482df5df28ff32b,1,20240727_190258.jpg
22afabfdcd11ff490abd1e750b454495,1,20241130_163410.jpg
22d344d5147ee8ffaf4369f2fc87ff59,1,20241101_222214.jpg
231111cbbac99b061f111bd961f417c2,1,20240727_103314.jpg
233862dacb057efaac823511b2682247,1,20240727_182041.jpg
234b119412bb2cfd55a5de283c66d7cd,1,20240805_192117.jpg
234e743ce1ad3effae898824555a910e,1,20241117_181222.jpg
2350b891833d0ca2ad803a479eebeb7a,1,20241001_231714.jpg
23e84c9ab9c23d0ba68be76becf37ce4,1,20240729_130024.jpg
2408db6b78d0d393d7e6907697981859,1,20240809_181200.jpg
240a6fe68d0a52a0ebf2bf6f73b661fc,1,20240728_175915.jpg
2430b92843869c9511cbd9439d17d9d5,1,20240727_183016.jpg
2467b39447a7e3226afdcf31addad152,1,20240920_185233.jpg
24ed08d5f2b8e0bb0b45140ed8c76998,1,20240929_171030.jpg
2532d3a0c92ad551134dbbf20e02fda9,1,20241109_104543.jpg
2572a90b9d0392136f9be9a16901fb14,1,20240728_150058.jpg
25b72d7c452168efa9c70f8ce7596fe5,1,20240727_183225.jpg
25c67d8ca06cb1d80f13f1f296a7d5bd,1,20241102_105618.jpg
25d11d016d68cbb4b0897490868288af,1,20240727_152558.jpg
265cd091f4868ae31e7a959ca351d674,1,20241222_134813.jpg
26a2e9b65010d3f681511a977576fa8b,1,20240928_063556.jpg
27063ac723108397000fdb203d05ffb2,1,20240831_233138.jpg
27117d677d7ad17042b539c4a5332b07,1,20241013_133209.jpg
27921e3ffc9008ebfe2fee32e236bcc7,1,20240728_190102.jpg
27c708a0f104d70d59bda936e5e7b17c,1,20241215_141424.jpg
28104ddf01ff0dac4551adfe4df6de3b,1,20240727_190349.jpg
283ec6658dc0a4864da58159fc1da952,1,20241201_134345.jpg
284efa029a2821c5bc91859c612b48c2,1,20241130_214513.jpg
286ae4cba83d8b39eaea63b280ae0bca,1,20241130_170329.jpg
28b24985c867bec172cfda704798985c,1,20240726_185220.jpg
28c1fe8f34a84544d656bd88587d4742,1,20240727_183116.jpg
28e5bae650f53ed859a8245e1f7943fe,1,20241102_105946.jpg
29144866bc3ff21a8cd2b833a03c8486,1,20241109_130525.jpg
295dd7d6d29504d2d5999321add009be,1,20241123_115741.jpg
299b200d9338f9770cf423dcb29cb3f0,1,20241109_130529.jpg
29ecc5d9abd9a77578702ee7caccc830,1,20240904_123207.jpg
2a37462b6a42c6b90fd94ff5f9260982,1,20240729_092631.jpg
2a3a5fcd3dc8256225fbb6460016c440,1,20240728_175733.jpg
2aa60aeb808372675c7e64c420a0537c,1,20241130_165243.jpg
2ab0a497a8ee6c7dfec8a67abc07c74e,1,20241102_124132.jpg
2ab47510f3d6d045b41bdb01948bffa4,1,20240929_173217.jpg
2b0727dd476dd6dee2f1da1dbdb5f5fe,1,20240827_070640.jpg
2b9896587af47d5acd2e92ee40e85317,1,20240727_190301.jpg
2bfd5b76768bb28212710152b81380c1,1,20241101_222209.jpg
2c0374c4579e452ba7be9ea9bdd5037f,1,20240930_085640.jpg
2c10369b7911b94bd00dbe910905d102,1,20240727_204633.jpg
2c1b9aad7f3db67ecb16efc9ecbbd238,1,20240824_161823.jpg
2c4e131ea86cb965aaed89d3c35e2fdf,1,20240729_073844.jpg
2c66924abe3056b3bb5e21473a580c67,1,20241220_224456.jpg
2d09996f3ecd0a9055a0b2cafd8aa032,1,20240809_192943.jpg
2d17da29ca4c776ac64070e8948e1fd2,1,20240728_175731.jpg
2d2289fe5f0e841dc7f1b655308f74a2,1,20241130_163358.jpg
2d29488697cbcf8d342e4bb27aa4c123,1,20241101_222127.jpg
2d3f440725958e4da7959c7088cbe407,1,20240727_152244.jpg
2d4626cccc27ccc689b98a8ca02d5adc,1,20240728_185956.jpg
2d7fab014163f355997ad0ef9fce0fe3,1,20241023_202915.jpg
2dab70c649afbeb6def3eb09b7b23a85,1,20241102_124223.jpg
2dc3f2e306cf231a7429545c5ac7605c,1,20240928_093522.jpg
2dd17211f80508cc0cd65340e59d0625,1,20240727_184544.jpg
2e42a23da8ec707d991d357831d23989,1,20240728_123231.jpg
2e46a82bc88ccba4b6ddd4f49ec64f7a,1,20241123_121952.jpg
2e9a49576c03cf17097d0bddf168bac3,1,20240727_214448.jpg
2ea51f21645d0b0419ca905c7afb7322,1,20240816_134221.jpg
2ec06ebc0fd122fecf94d9a47c132a74,1,20240727_185745.jpg
2edf5a21342981bf7b241e788020557d,1,20241023_201914.jpg
2ef98f629e28e83495c0f61c99c4a7f6,1,20241206_110058.jpg
2f287a80e1efca966e2f16067fa15842,1,20241016_104017.jpg
2f41472705d929c47cc3fdcee4cf25bf,1,20240923_123225.jpg
2f566d7d1752683f1a5d780ce7b3562d,1,20240727_183719.jpg
301e3d386f970fc5c0ca9b4e67574a8e,1,20240817_111223.jpg
3081aa21427f943ada38611f048dba78,1,20240924_195032.jpg
3092d35595b8342816670e3ec609c0ec,1,20241006_105800.jpg
30acea7b52bf7d75574c7d06ae4afcb6,1,20241220_224520.jpg
30c530729773527530b3f10ccadcb65d,1,20240727_190155.jpg
30cbf013bcea7f7d5a35f6814bd95baf,1,20240727_195206.jpg
31517c01cf3a5b02284f92572a58f879,1,20241023_193632.jpg
318752e82ba8a88c93a700c0b4dd968a,1,20240902_111531.jpg
31d781ef428f5b6d7f8821c428694d17,1,20240727_183216.jpg
32153555cd49b04e36c3140354a2ba92,1,20240930_124108.jpg
32898f09abe91b0b49476d54a0946f5b,1,20240728_190116.jpg
329ca449dd9cc4494dbc5634c696109d,1,20241118_210740.jpg
32b766dfe69f9c8c5dc906b7e733a994,1,20241101_105347.jpg
32f10b6416a105efa676c5a8ac2e7fbe,1,20240727_190419.jpg
32f52a45432890a74533701692215489,1,20241201_132927.jpg
32f7ac900855a919835f33a34bb0a01c,1,20241207_195436.jpg
345526126e4d68a7f5d1d1be0b6dbb97,1,20240914_141038.jpg
346075bb4a67be9d1926ff1077b048e0,1,20240915_192722.jpg
348e2fff36c4376780115a5dfda52452,1,20241130_170215.jpg
350be6ffea9d6249b1394e5e33fca26c,1,20241007_215243.jpg
3522a4920c5b37f107c830b0abd1f550,1,20240727_184555.jpg
35418d6fdb0c7d7f39886ca00f70f25c,1,20240914_203120.jpg
359f67810005f3e87ff61ab1a7d4617a,1,20241123_112634.jpg
35e12d4865c3c28da6e30521ba001d7f,1,20241130_200111.jpg
35e19f251a8bf86318a1597991379ca2,1,20240816_112428.jpg
35f390d42a930f51a7f73e079b0ba6ca,1,20240727_195607.jpg
3640e07b68b92a24de443bfe09fa2a13,1,20241201_083436.jpg
365a9332c9a938a756cf97741a614dd8,1,20241012_145930.jpg
37263f7f7b1f9628d4ec8d652bf812d8,1,20241101_190416.jpg
373fe6472f834563afe086e127a4b1ef,1,20240828_210525.jpg
3769426ecd73bd1d96ccc92aaaead6a5,1,20241124_195801.jpg
3788f2ee458071c3d8af5a1e6eb2247a,1,20240929_171151.jpg
379fd4a69f8e0b8fca05449a278451ce,1,20240915_181916.jpg
37b4896aef4806e55f2d0aee9defed4d,1,20241130_160729.jpg
37bba6b9ed022b5880b5ff2dc495da93,1,20241124_195420.jpg
37ead3172954c9b3eeb942f4c4227d45,1,20240727_185922.jpg
37f40467fe67a8ef647b5389dc16ad18,1,20241130_165437.jpg
388fa274d76adb0c4b4d34146d84762b,1,20240814_082702.jpg
38e66121e0b65c2cffe097944a0b9ae3,1,20240803_151533.jpg
391489d85e1bce72244eb21f70cf129d,1,20240916_152439.jpg
393bfbec149f122e1530d4b65a13b602,1,20241130_165426.jpg
3945d1d0678d8a33110ac44b815c08c3,1,20241124_195429.jpg
394d0d7109f08ab4a73535467d058bcf,1,20241123_135404.jpg
39654ddd70024c754f1f1903a041767a,1,20240816_112441.jpg
39a1c874dbffa2ca9dff1dcfaff942f0,1,20241102_124210.jpg
39b093fa3f9b3f2057ae06f4bc07fa51,1,20240929_193010.jpg
39b91e7090da53b3a924f75748ff9dd7,1,20240727_104917.jpg
39ca8a802fa52e4c80bc9a03e0bf3608,1,20240809_192948.jpg
3a0f506f5b690f95f022f3e4ea0ad279,1,20241123_112639.jpg
3a2a2998cf4dde4a284339a7110052e5,1,20240831_225029.jpg
3a4a345476ef9503ab2c132fa2ec3c30,1,20241123_135626.jpg
3a9ee84d3f4ee161d031218952fe23d2,1,20240811_172041.jpg
3ab0890cac7d3810af29e6099ff13aab,1,20241108_103541.jpg
3ad6fd77950cc3f49ca30a177ced20f3,1,20241201_083441.jpg
3b4d0f99650e7a90d71e4e3245c4b91d,1,20241101_190418.jpg
3b9485f10ba6dcbfa9f9caa351237a6b,1,20240728_190105.jpg
3b9e74264c2fd366528e386174cba768,1,20240924_195031.jpg
3bc5fad57c9dc94b191a3b73ee4806e5,1,20240914_133607.jpg
3be1acb18c32e54c7d88ce4a72a79ea2,1,20241108_103904.jpg
3c3a8ebe12a08d09d4fefdc7ec5031c0,1,20240917_173346.jpg
3c5df8a52abee29820bffa644b25bad8,1,20241112_222512.jpg
3c77f04d23c12f477ed9da3196eaeed0,1,20241227_180759.jpg
3cf786a3902a0627e13446dd277db09d,1,20241016_221929.jpg
3d354845cf0f8c501f386fa711c9f753,1,20241101_171920.jpg
3d4f1f47e6a0720f260fbbd475db7cef,1,20240727_152556.jpg
3e10234ce3150dcdf52662bb8044cd60,1,20241101_222211.jpg
3e1845be1bbe4bd83638cbd43003e136,1,20241117_151716.jpg
3e6bf19aa21edbb03d3196f40a48f601,1,20241220_224517.jpg
3e8a5e6038854fc9b17e74a84cc1d330,1,20241219_183843.jpg
3e9a892b76b0ca17c9c1eaa4b1bf2c5c,1,20240729_110136.jpg
3ee0747f1feada17aba310ad449c1aee,1,20241102_114024.jpg
3f8cf9d0b469a1a0c554c0892ab1295b,1,20240729_010345.jpg
3faae6b89d324cd19fe4fa20c49af951,1,20240727_182035.jpg
3fd252e58b0fa8f61442f165af5e650a,1,20240727_183209.jpg
3fea5c5a67d8aaa80ede0498b3725be8,1,20241228_172252.jpg
3ff34d9699560d648e0f2dad29d4754e,1,20241101_181044.jpg
40710f0d24e6d0ef8b8a53daf425328a,1,20241130_170323.jpg
40a182f22e880f4d514887e05f41dfa4,1,20240828_210358.jpg
40a3fb3d9ad1d1802e87666fcf50c098,1,20240829_170553.jpg
40cdcafd513912ab9fa6cdf0c101a968,1,20240729_093702.jpg
40cfbe916ed32fd05b0aa2fec3995e43,1,20241225_163810.jpg
40dc8a7182823cad1fb07854a90f20eb,1,20240729_093714.jpg
40e0e3347db19613f0da0c288eedf90d,1,20241215_141426.jpg
40f96b55dcec29f903c02672452ad065,1,20240903_164053.jpg
4119a09e8c44073be97060f904270bba,1,20240827_222857.jpg
41536b2237f4ad5ec58dd25f4864d4e4,1,20240829_170556.jpg
415a45189d1693d30e4874b5bc2a6270,1,20240815_162908.jpg
420f347631b10a3b02824545cf529db8,1,20240728_182250.jpg
422ce7e6ada204bdc0f3026cf1f1b995,1,20240914_133610.jpg
42607e1caf70bebb79fdabf74d38f4b6,1,20241218_200347.jpg
432c1ffcf4deadb55c9b78033466a1f7,1,20240727_195601.jpg
432fee840f95dc016e093745f916cc0b,1,20241220_224457.jpg
433b1613f56c1191bf0dafe020d1eb6d,1,20241101_190529.jpg
4340b0cd6ce788fe6c57475c0ae9853f,1,20241102_124245.jpg
43523fc59a4ab5b3056a6debe339de7f,1,20241117_180718.jpg
4390c5b8c39350aff8d256b2fe89a5fc,1,20241026_135558.jpg
439d317c08ce77c6c0ff807341320734,1,20241102_133052.jpg
446d59f2afaa9d5b7a46a5a8eb8dc063,1,20241207_132201.jpg
448c3fdc9b0edb7ad9af258a23890d93,1,20240914_140124.jpg
4510a53f788310c230515036f849e880,1,20241123_150455.jpg
452a56982a6d51f741ccd31043005c27,1,20240729_184841.jpg
4598f2286d0851249cab9fe76a2cccff,1,20241130_170108.jpg
45c1c22053236eb763a1e3e41d39747e,1,20240815_124902.jpg
45c5e73478b99b303ae3792292aaf7db,1,20240916_122650.jpg
4608b6b42cfc883170a18e1f0a22cce7,1,20241130_165415.jpg
46468e4bbe5059302c7d804d514379cc,1,20240914_124339.jpg
464a09807fe8a2f38bfb8e71c24fbe50,1,20240729_125307.jpg
4685030607b5c248e95e95b2dced7296,1,20241225_193124.jpg
4695460d4a5091f991efd2ed3f0dfab1,1,20240727_103320.jpg
46baaea99ab48a655c983aadd8fb2413,1,20240728_175759.jpg
46c71fdad7621f53c4533338640ea235,1,20241102_131802.jpg
46d60a6b703402a62b432b8c1edef3c1,1,20240727_182310.jpg
46d9bfe18517567df6a737e545873877,1,20241212_194353.jpg
46dfceac9079a65de03a402d177c7d1d,1,20240727_183208.jpg
4737b8875581ab441b6db5821eaf2ade,1,20241130_172237.jpg
47592af5325031e3f2854d57877c214c,1,20240914_143039.jpg
47da10c06f34474adbe8ecb601a95901,1,20240915_190102.jpg
47e57b20000a6b750b16d430776f8ade,1,20240815_093849.jpg
48068c5552d82b95a303afd3b2eda459,1,20240727_190149.jpg
482d07ff5191c507354681af3cdffeaf,1,20241207_132147.jpg
4830b776344de4c232d10f597d5e3570,1,20240816_211435.jpg
484eb76d7001cc0a30d3e45edcba8381,1,20240815_093851.jpg
4863f9eff9c576fc360c4fe13b78a194,1,20240912_213648.jpg
4902c6ca28b61cf393d4b050cb70d89d,1,20241124_193026.jpg
49394552694a5172ae267fdcecef8829,1,20241101_104652.jpg
494a27e166542fd704ec28933099c024,1,20241124_193021.jpg
496e69a9128d2f91e55be0f731a776f8,1,20240825_143525.jpg
49c079bf26ab43358789c5f7f007d8d3,1,20241207_132056.jpg
4a75dac471c2c0c311d970d858ee14b5,1,20241221_195641.jpg
4ad457577e3d1e8c4e47fff31ca6ea90,1,20241222_173259.jpg
4b3f6302c8fd5c3c0ea5d21d08fc48d7,1,20241016_222257.jpg
4b785e9afe39fef46c76b3cbafea8579,1,20241005_122732.jpg
4bca0574e5b0d65e75d290e4321d7275,1,20240729_111201.jpg
4c1e9445039c6d52b69b69fb2d0bcf18,1,20241220_224458.jpg
4c275e9d345c385f9a6be650d3cc7741,1,20241130_165428.jpg
4c43ab3cdaef17be0cf406e138975534,1,20241102_131748.jpg
4cb729009c5e7e339bafad2385ab24c3,1,20240914_203105.jpg
4cc8dfd9c770aed43a03ea3e545a2542,1,20241006_105758.jpg
4cd42e1625042d6dc82d6941113d2182,1,20241008_201153.jpg
4cdc8bb8a014504c3a51b37ea8540248,1,20240915_192308.jpg
4ce9d9ba2f8e0f38b2bb37c4b4c39a45,1,20241127_180031.jpg
4cf14f5438ea1ec4460a171246ef600c,1,20241212_194352.jpg
4d030c5f3a86cd0ab46954cd6c5d685a,1,20240909_205236.jpg
4d1686d6cfa7ea813a0ab8c0fa1b8f48,1,20240729_003729.jpg
4d5c430ddce65702f7fa2b7ca83813a0,1,20241023_201859.jpg
4d86beda02135ec95e01ba610544015d,1,20241212_194334.jpg
4df1f9532372dcb7e5345f1c8bcd544c,1,20241023_201857.jpg
4e238712877526696898369a23e0c913,1,20241130_170112.jpg
4e26b619ba6aa99318beb6d5d08dff6c,1,20240904_190744.jpg
4e402593d4c247f9ae33b76211ca7a44,1,20240915_181918.jpg
4e90ddece508a16aa7841617ab02613b,1,20241231_100853.jpg
4e91c8bffd6c8ac6cd426d023955841c,1,20241008_130801.jpg
4edee94bc9fe14f517bc0907c6e65322,1,20240930_085643.jpg
4ee4a250bcf0bad7df41a09cd5710d54,1,20240930_083556.jpg
4f87b0a62f22ba9f99f9844db0b5faa3,1,20240815_131214.jpg
4f901aaee102594c80e8fb011aedb190,1,20240816_211147.jpg
506b3479b0def4c6d73a87a240f30a2a,1,20241123_135859.jpg
50c67d9c8d4d9da3411cab3cd4257648,1,20240929_193008.jpg
50f3237cc795ac105475ea7804e4ccda,1,20241101_220500.jpg
50f36a0b356c3e1350037166c52c2d38,1,20241102_124229.jpg
511aeda34f82664f771df7a39a481ae6,1,20240831_225041.jpg
517079f53229438d5041f4c8d4c0aa67,1,20240727_183204(0).jpg
51722b0887719af7ed40fd3b80adbb28,1,20240728_193127.jpg
51bfb94348cef00faab2a366dfe24c0b,1,20240728_182102.jpg
521962515951641098479a1aa31f364d,1,20241130_160811.jpg
5238b721ddd4d7677d36aa3f31e8b031,1,20240914_140702.jpg
5257c89f3b2a78408798ff3f351bdedb,1,20241002_174024.jpg
526928afd70914757894f5cd9862c28a,1,20241212_194335.jpg
5271bbdc858850f8b2db3776d51898d7,1,20240727_183219.jpg
52b855cb08fd2b16e9ad3336e62b4448,1,20241101_180817.jpg
5336427414abeff6daec990add41d240,1,20240819_195827.jpg
534987a55f10072b11a036aa3ddcbc41,1,20240929_181845.jpg
53796965ebaffb731401bb9bc842fe96,1,20240809_192952.jpg
53d935e5105cc36fd0acb5ac20e57968,1,20241130_170218.jpg
53f6a8ccb1cff548a915a6bbcaff5afb,1,20240729_110552.jpg
54299d7fcfa1d5d279d964f220061050,1,20241108_103844.jpg
544fac128cdac7d1ba0c03fc569926e0,1,20241204_131037.jpg
549a8088c9e71d05df4aa093ee307a29,1,20241101_190541.jpg
54b20915143783862fa0456a1a88673c,1,20240816_133825.jpg
54e956eecad61b9e63d4e7bdd7b928d3,1,20240914_170437.jpg
54edf6cd65e5316ce562121da0a2541d,1,20241102_124307.jpg
551ecacd87078fb6678aa3b0933f4747,1,20241101_165759.jpg
5531961e3436efb10581d75848e1b3c5,1,20241218_205010.jpg
55a92d67a2744824e0871432fb8cdd75,1,20240728_154608.jpg
55c2f4a648ea1ab86a4e133b458acb02,1,20240727_184234.jpg
5687c36f551b6a68981ba762293a7fdc,1,20241215_133859.jpg
56c4661bafe80f4ca8d84a00d40ebe99,1,20241108_175303.jpg
56e51215024b3376edc6bbdc2ad0e5be,1,20241101_090703.jpg
574f43a3c00f6d12d4b8531ce603c66c,1,20241109_135820.jpg
576ef1f50fd77863516abd0efb59b1f1,1,20241101_171608.jpg
57e40a0d187ec4e205813b0a62e75937,1,20240727_195618.jpg
583f241dbf52a9f6224187bf6343cc5c,1,20240915_185703.jpg
5859650686c0894580b32ea0e5b13a25,1,20240727_183111.jpg
58a885072354b5f6343b63b6ccd03c24,1,20241230_194358.jpg
58c299c7a2ee43e5d537e1c38f89373d,1,20241123_135726.jpg
58c62cfb6ab614d361c1f1b60e54f9f2,1,20241012_094956.jpg
5925d1da571211b8277bde2e2787da78,1,20241101_181119.jpg
595d7b5f2137125787ac6d5fc24f0a3a,1,20240914_123630.jpg
59fd9a83d8bd71b33e821b870d2762c7,1,20241013_165721.jpg
5aab0cbe329ccad01a594372ac16eaa8,1,20240815_190516.jpg
5aac583d1f88bae4dd86335892c53da7,1,20241123_115806.jpg
5b01d1ca5f7d48f6f9e05912a9c014b3,1,20241102_114023.jpg
5b152703b0ca1e5c411e4d16bd4a8971,1,20241102_124127.jpg
5b4294e79bd5b826d09c8388e085dcf0,1,20240914_153230.jpg
5bcaa30bc4fd865787b96ffe69dacd91,1,20241101_194848.jpg
5be8605503eefa2c1df7cb36af944f78,1,20240823_210619.jpg
5bec9620b4f13549ac7f33515b8c1ecf,1,20240905_070249.jpg
5bff35ea5864c2b4b9c066c8e2ebe35a,1,20241130_143554(0).jpg
5c5d9fb538a1cfa592f879ed055329ca,1,20240817_111225.jpg
5c73b2dc5c9f8adcc441220599874aa2,1,20240829_165531.jpg
5c94daa2bc7d05baa6917465748c5607,1,20240924_191609.jpg
5d3c3ac36471aa7b53b0182767f89e4d,1,20240914_124257.jpg
5d3fcda84424e7c04b78a3c25393d349,1,20241130_165455.jpg
5d4a9e4c1c1b954db1461665472e0556,1,20240929_192914.jpg
5d53b358ce9602d5308cdfe5df805144,1,20240929_200549.jpg
5da18d803f5c2120edceb8e3e6356725,1,20240825_200416.jpg
5dac9f56b8457820a2b4398dc6df294a,1,20241215_133852.jpg
5dadbc2033fc0005f68f00dbb50bb45e,1,20240825_143524.jpg
5db0eadbadfc51ea266e756f678cf9dd,1,20240914_170456.jpg
5e1222acff131a9153f440d121d22e15,1,20241130_160817.jpg
5e4d00a2b218d965233eff1fef015774,1,20240727_183118.jpg
5edcb97f9db368df6f4f631d0091714b,1,20241101_180905.jpg
5f013b2322fa95c917780e7ac0086083,1,20240728_193017.jpg
5f3d0e04a4b520c8cee34ef0daac063a,1,20241012_133554.jpg
5f8083e990fdf503f00114b5ef5d691b,1,20241102_145712.jpg
5f88fa8045accb1be6770473104b14bb,1,20241102_114021.jpg
5fa08d18cfeac39ee5582dda0ac0b854,1,20240816_134220.jpg
5fe00bb7029f331b6612a3ac00685beb,1,20240815_190508.jpg
5ff4df66041a32dc13dc379dc3f7106e,1,20240929_173234.jpg
604b6b4159be2ee8756536af4b31fd5b,1,20241204_131503.jpg
6094a7a6392630b11866caa5888fce47,1,20240912_213643.jpg
60a1905597dbc169d85cf037a6afba51,1,20241123_140010.jpg
60a3a475535c13671a9dd9cd910f59cc,1,20241123_112747.jpg
60d3a539819de95d07e106762290c3f5,1,20241123_135934.jpg
60d77431c9be200a2d5f55938eafa705,1,20240907_130957.jpg
60f3120e4291c4e84a6d3d4f150acfc9,1,20240727_185731.jpg
6103730115887aa02d34523036d69320,1,20240914_140706.jpg
6116a400f996b8c92e0d4b344e4b36a3,1,20240816_154520.jpg
611876541d8d82258cb60c663a52cba2,1,20241102_105933.jpg
624cab5f206df0c0af4a8703f5d33d38,1,20241101_181048.jpg
6269f1d6f8e2abb67b05531c2bd969db,1,20240825_172100.jpg
62a9ec7340da3c061624e318a2fd23a1,1,20241130_164716.jpg
62b6514ac7772c79a83292fc0fbc0481,1,20241026_135616.jpg
62cfcc34a7585195b564174eaab69ecf,1,20241130_164715.jpg
62ddf58baffa2ce317fa2885b4f6da00,1,20240914_174712.jpg
62f0cf1f8ab50e0f7d77869702cc61fb,1,20240727_182023.jpg
62fa39ba58903f64f1566792a1027869,1,20240816_211141.jpg
631b560d7ce004d07e7aa6ab9d30f817,1,20241101_190531.jpg
63429ce179eb19c7ed823611046ccbeb,1,20241006_105802.jpg
636d6f4d0f9b5c48ebd7ae6f68ab9b51,1,20240727_182046.jpg
63812910bf0d582272e68fa80142f473,1,20240914_170503.jpg
6416cee3a1eaa58f17bdf2165171725a,1,20240929_165846.jpg
6419fcd4394309c350843608e047cbd3,1,20240727_185735.jpg
64200a2072806e98be35698262586794,1,20240917_085501.jpg
64242d0fe1d58424c1217073d8b7646d,1,20240929_165921.jpg
642c7cf1f6b36ac753a3f4c0e6b222a0,1,20241117_183104.jpg
642cec3f78fb00bbde1a7bb9a81967a4,1,20240804_180319.jpg
6440a5b63dd97d6f89dabef7a764fd4b,1,20241123_140009.jpg
645fea903c829c93ad8f414cf3b0645c,1,20241123_132631.jpg
6460dc7453ba5b108ee021798d0ebbfe,1,20241124_195157.jpg
64eb0e876d6747604d4a87656ebb9cfe,1,20241112_222436.jpg
6563addfd43b5e4427ed70d32695a846,1,20241108_103533.jpg
6572ccbad30880173691045b463e7d2c,1,20240914_141035.jpg
65739587ff18ca04c38d13e76165d18e,1,20240914_203109.jpg
65f22fa2f788f89e3a17e2a4e6930468,1,20240729_130021.jpg
65fd9f5b8fa37784b0ef918b12609a5f,1,20240727_110659.jpg
664bf718c73729eb7aa68541c25640d2,1,20240727_183206.jpg
668990b4483e8c38fce2d7297ff5e77f,1,20241218_204953.jpg
66c9851dab52c8eb0457f56dfc75fb44,1,20240728_185909.jpg
6710bab485414ff6465ca3c3875dba27,1,20241011_174827.jpg
67132a3b7efa0f4f9c2042405a2ad721,1,20240928_063603.jpg
674eaadec84b1017409de436851729a0,1,20241118_064418.jpg
67727efb60225b49749469a0bd89dc20,1,20241123_135842.jpg
677712df71fd22294836f48c958cc85d,1,20240929_164535.jpg
67d6d4ba0c7269aafe01bade4726e979,1,20240729_102449.jpg
67f9764ff2f4e39daf949cb2ae49b52c,1,20240727_182027.jpg
6832006650d82af5fa4d438b853fee73,1,20240727_182554.jpg
684d6bb1badb62d7ba2aecfd6d246378,1,20240831_225025.jpg
6878e2a9fe79aadb9d7a2086213ea806,1,20241123_132644.jpg
687e2ff5c08b3606d672b92d125f0f0e,1,20240728_175232.jpg
68816665fc9912806f4376ae12162162,1,20240909_205322.jpg
690f9d869a97dd22c324a66d8c87ff11,1,20241109_131018.jpg
69132809650882f4da94103d0f5044ce,1,20240728_182433.jpg
69200585208d3cd9695f68a42ae76f43,1,20240727_183114.jpg
69229b07bbe8710a32ba6d4241b539c3,1,20240815_124905.jpg
6995932d95ed8d5e312bd611d5b21a8a,1,20241102_124300.jpg
69bff8516a0736e0a6f0742c1f6d2770,1,20241215_080500.jpg
6a6d093bb9e2be9beaf07ddb733b3333,1,20240809_192918.jpg
6a7eee46871ea2e31f2d47858e70fdcd,1,20241130_143550.jpg
6ae2cf3a30f2b5e8fbd5a0a06fab4555,1,20240903_164106.jpg
6b2a92830c536dbfe9f4cd5351317051,1,20241220_224500.jpg
6b4c91f8eb27812a7f3c6a3811b6b9c1,1,20240815_131253.jpg
6b574696bd89761d59eb770d9ec2944a,1,20240730_144937.jpg
6bb2bab3a86b7445bc8a77a5b25db86d,1,20240727_195551.jpg
6bc1d75cb3486fc89197fce887df6f79,1,20241130_165902.jpg
6bdb228a6a80c5b80fecffee961bd33b,1,20240930_123401.jpg
6c019079294ed7fbfd80eca312494459,1,20240816_112437.jpg
6c06366d02df74e87bef286df61f09b4,1,20241102_131752.jpg
6c1af540ffbfa64374fd5fcf416999aa,1,20241103_132516.jpg
6c35e86a457124e7164d236dfb661e2e,1,20241101_165801.jpg
6d86b0849a86397748700273fd9c5cd8,1,20240727_150139.jpg
6e29cdf8b1f7dec5c2eebce7ba9e3159,1,20241005_122415.jpg
6e7982d258edbf1c4e42dce2055f55f3,1,20241123_112638.jpg
6e91295c4a702a20bd51c89be98f2483,1,20241229_214216.jpg
6e9aff1e7b67a9a48b0cd6e729bfd8f2,1,20241123_135857.jpg
6e9f47720f0f874eae34bb368b2ef1b6,1,20241108_175306.jpg
6ea5f2a9c75aeeef264ec435c1725e2b,1,20241218_123258.jpg
6eb3f2eb6a5823223354571d1e66234a,1,20241124_195155.jpg
6eda2290b9346a69520029018699978a,1,20241108_080928.jpg
6f0372cde5d089c14263b8daab331893,1,20241130_170326.jpg
6f4b6bd098bab0ab47af93ffbb751e04,1,20241105_214210.jpg
6fcaff13f791d2460318af70915a16f6,1,20241101_190413.jpg
6fd147d8acd392e5f2a3231c12f64c6f,1,20241101_184645.jpg
6ff24f602633f01102e82594a5c4fc39,1,20240906_102023.jpg
7058086b592a8fa6b58328d0be4258f0,1,20240728_185953.jpg
70edf8fb4d3eef785b9279ccdf804053,1,20240816_184247.jpg
70f86f19fab7217cc16878d5b53983d6,1,20240727_182021.jpg
71052fce3aa17040327bb42ef31b75d6,1,20241117_161032.jpg
71096d1cda1ecc25009b0c12c6515741,1,20240728_182108.jpg
71484af3c7261d98c3b26b41212f112a,1,20241130_164701.jpg
716757cd35ebf391d9a91887b8afd829,1,20240727_220627.jpg
7185f76ff12673139cd791d657141e4a,1,20241013_133210.jpg
7189c7705c92b6004a9a9a818f00fdd9,1,20241025_120156.jpg
71bfc5667e4c4325d46eb3559aef9819,1,20241204_132214.jpg
725827f0391845bc6d48adc3f2ad903e,1,20240914_203122.jpg
727c9c086fc9949592dc44945d8b4458,1,20240906_102104.jpg
72ebc044a87b3b6ffd0f34cad22fe54f,1,20241130_165458.jpg
730459b0b335f34990b75ffa9540008b,1,20240816_153920.jpg
73365dffed2b93eea6a561d0b64afb2d,1,20240727_112219.jpg
734b42f51acc24f789c1666b2f1e46e0,1,20240816_112501.jpg
736c2d073ce559d3ecaf824c8263d3bb,1,20241101_220026.jpg
73c4537dceab4dd6bee5362b109b31d1,1,20240727_195548.jpg
73d76fd35d196f914956d0860b43089a,1,20241118_064408.jpg
73e659655ef7d9a12cb18550e83517cb,1,20240914_170451.jpg
74178f12e4473a48cb299a6b052f1d69,1,20240922_083733.jpg
7469937f693dd7886b7071c493b9f4de,1,20240816_211152.jpg
747cc35e44d886b1dab8be8b42ad6b02,1,20241101_190525.jpg
7486b7c4fe42a54950f2f8690bc4cd0b,1,20240930_124356.jpg
749e94f60ded4ee9b0ab48b5a1d800d8,1,20241112_222504.jpg
74bf8ad50c813f29e0f6571ff284b691,1,20241101_180849.jpg
74ce41532caa35f80317a378173a19ca,1,20240729_092627.jpg
75563c7ceec37796a7c8d22450ed5024,1,20241130_164702.jpg
75ba2782e5642443f38fdccfb9bd08ba,1,20241130_170134.jpg
75d44aaf4286114c723a94fcd68de44e,1,20240907_130953.jpg
7602df3159e0d5e14cbf01f609c5ae1e,1,20241221_195736.jpg
761506576ac9e3f27cd56fbcdc71aa39,1,20241207_132046.jpg
761bc04d6be922180c8d9da195052c3c,1,20240728_212022.jpg
7638ad79dc03cd19c6dee095a46aac5e,1,20240728_231106.jpg
763ef272543566f86c0de21e54a4c563,1,20241112_222452.jpg
767b82799b27ca887f99198239093c69,1,20240918_115426.jpg
7687eab77e14ee54eae1d7bee46a1a51,1,20240729_130023.jpg
76908432240628e322eed0670f72ab2e,1,20241125_064902.jpg
76cfa2a486a520eff40e7b90d9a54c69,1,20241102_133229.jpg
76df9c68b3fcdc71d5ddb5c87ecbfecb,1,20241101_180816.jpg
7721c2c4683391d65dd7a2d3c655132d,1,20241215_104831.jpg
779ac799027dbdc1f153527cbb7a12cc,1,20240927_194151.jpg
77acc0f514611ee7d1ebbc90c6f3b017,1,20241025_174328.jpg
77f0c2b27b4081b7ce8451a1d99c8236,1,20241004_122226.jpg
78176f741feba9c285ad451a9952e1c4,1,20241009_180505.jpg
782ad61d7053fd09c47fd9ae2c886540,1,20241130_165422.jpg
7860dc8fd8670bfe86630fa6e587894b,1,20240907_132827.jpg
7861779f8afc44ee9fdfe559d5e9b216,1,20240816_134222.jpg
7874f6b7c3b4cc69cd31b7ddfe43288c,1,20240728_182220.jpg
78a97a986edb7d4e21bd0f39254b1f50,1,20241208_140030.jpg
791e4cccf76ac3ad4de8fb5112dcb423,1,20241208_140043.jpg
797e8d38f964dcafd86d3ce0fde4772d,1,20240816_154523.jpg
79a3c10ff8bfe616a17d279487b4d4a6,1,20241227_185634.jpg
7a4c37422eae04628b1f9e728ea42cad,1,20241123_135427.jpg
7a728b47f2b57d4eb3d7165e8408b08f,1,20240727_153140.jpg
7abe547a0b48b367c0ab890698f1e2ae,1,20241102_145709.jpg
7ac09d42730cc4eb8c69386b85dfc1d6,1,20241130_143549.jpg
7ac4e9053e3cf88b1c73415f552b77ec,1,20241130_160833.jpg
7af791469cd33bd86ae1f1d9c279bd3d,1,20241204_132145.jpg
7b045d93f527299dc9f655103745116d,1,20241130_160816.jpg
7b48b36f87ad0b0b605ddff3c61518c2,1,20241130_164712.jpg
7b6c8472caa02815cf75cec158d49ccd,1,20240914_192436.jpg
7baec5939af962d018c79e93308acf22,1,20240929_184103.jpg
7bc026be5fed4bf9120ea44098295e84,1,20240916_195808.jpg
7bc7051b8fde6cfdd1cdf335b70bd7a2,1,20240822_224715.jpg
7c3fc5e89841493993afc01e043e038e,1,20240727_182039.jpg
7c4aabec54d42bc0c148ccf3da1b06d0,1,20240728_175235.jpg
7c5251c4b645056a7744055b0238b06e,1,20240728_190003.jpg
7cae663e77f6c23fbb5204f2688fc699,1,20241215_133908.jpg
7cb83126b58a82959c346ffad5b88f2d,1,20240816_211448.jpg
7ce506d3d3b797f8a24be2cea494ebf8,1,20241209_214650.jpg
7cf7812af6421a193a67b9e47c3dfbe2,1,20240824_161827.jpg
7d3646ed45be1912bdd03163605ff34d,1,20240917_173344.jpg
7d370f6ac6f1cf356c175e5d60a34d92,1,20240816_211440.jpg
7d43b8c5d8bb2c0ff84926803cd956ca,1,20241108_175342.jpg
7d452c8bba803c2208ed45e5ac716f30,1,20240914_123627.jpg
7d4d48a66b3121e5a46d650ab3daa09d,1,20241108_181103.jpg
7d7df6b31f84220872f6f0dfa7bbc5cb,1,20240816_112448.jpg
7d8b1fb08aa13e270a89d2347a3a9a69,1,20240823_192934.jpg
7d9593c2867fd1a1466d062f625cdf29,1,20240815_131244.jpg
7dea31c5363e496d475dd60017d7c627,1,20241215_141429.jpg
7ebec9d31bde85f24813e0364579d329,1,20240728_212027.jpg
7ee75c0cd1c982ba706826f36a6e69a7,1,20240828_210645.jpg
7f27f6e23b31f72c87053d7872a48725,1,20241123_135635.jpg
7f399cf2ed5fe9425980bf9c2283955e,1,20241101_170540.jpg
7f53e63f900345873bbedfacdd7aedde,1,20240728_214109.jpg
7f54176d4829c55cf2e46eb8e176be08,1,20240729_093507.jpg
7f785c1ee85759469f1f88f5e0d44c46,1,20241212_194330.jpg
7f86abf0bfb1bee29def3343034908f8,1,20241102_124242.jpg
7f955eaafd117780009f6f2286765776,1,20241215_141440.jpg
7fce2eedeb1db7994c2b34d4b02a9e3f,1,20240929_190255.jpg
7fd80e12cfb682cea1159a191ccb6924,1,20240727_190256.jpg
800618c8cc7f51e292ff4f93b37bd71f,1,20241101_165749.jpg
801e87f53b7b437fd330fb1fd98bd5e6,1,20240727_133215.jpg
80886076043c1403340cb784d4e9ae00,1,20241108_175300.jpg
80c2a5a570c3aa7544bb466d400d9d9d,1,20241215_141439.jpg
80c84f1fd8ad0b05ecb4dec3fc0c19f7,1,20241117_104156.jpg
812e328ad7fd3eedd538a7db8bd60903,1,20240727_183020.jpg
813f4c134f74a70a680794258f77d7b3,1,20240727_214446.jpg
815f32a145d7002b08e6e76850835385,1,20240727_195605.jpg
8198f1d7c4db86652546938eba02fa01,1,20240929_181848.jpg
819fba5d4050716a30b695940f6bed5f,1,20240816_184252.jpg
8213f7a317fb83093232537d7ed45d65,1,20241102_194113.jpg
8240a59b643a233aeaf904646d48d333,1,20240914_174714.jpg
82a15f242166ff7da2252a5ce0362b03,1,20240727_125129.jpg
82b2465b84ffd5d1c3f1d57985edef7e,1,20240827_222921.jpg
82c08afc98f27eb97bd8d075c10a0e5d,1,20240929_190203.jpg
82fea0cb6a8beb1a68864bf0027d0e29,1,20241130_165101.jpg
831206b01fffdc0b6fd5ce4c4c8639b8,1,20240820_185159.jpg
83b9ba8805ce1eeaf768114a11f1d427,1,20241215_141419.jpg
8418032d6eebbfa8239b977efb7ed656,1,20241008_062002.jpg
843621e5b4b9741766079ab41fa6d2ed,1,20240727_190117.jpg
8472d62c27b2570638bdb3f9666398a5,1,20240916_122641.jpg
84fdb755670d36863dac729e8fd8046d,1,20241225_182741.jpg
8507b3c81f0953efd3f5d16423f7e17b,1,20241101_183705.jpg
85b07cfbe68057207c66766a2030af5e,1,20240727_184541.jpg
85c41256d574360de320bf7e76ef402d,1,20250207_085459.jpg
863b7b1c75a047e1b9fb267dd38960f1,1,20240929_165709.jpg
864a77703cb9d0cae32ee6f29d891ed4,1,20240927_194141.jpg
86d8c9358a711351587e8318ec9a4612,1,20240917_085442.jpg
86e6aeb9fdaf6acf01e5813d857d1b03,1,20240914_162725.jpg
86ffa974e3e23914c37e91ed3b7104b8,1,20241102_110323.jpg
87139f975e1fc08b90b49760a9ddeea2,1,20240929_190258.jpg
87217756e901bd2e6f122df30276a8d0,1,20241013_165240.jpg
8782945eef1ae5a33d2ecb5d11198dcb,1,20240727_103325.jpg
87977cbcce53b24effd7f62d326377c7,1,20241113_132534.jpg
879c9f2640857575af91d85f5edc68b4,1,20240727_185909.jpg
87f76afe38c5e780777a25b1dd9d2c43,1,20240729_092620.jpg
88452e7175d356c281f53910ba0e0c77,1,20240727_182623.jpg
8872f8f58c58500c67152f3dd5826a88,1,20240824_161820.jpg
88f99ca4ce7d1a0cf9f48072cc1339db,1,20240729_130037.jpg
890e6ba6f0b7c3651fee5807c66ce01a,1,20240930_085646.jpg
8921f9ef824362082c53a8d7a435ffea,1,20240816_153927.jpg
8924d132fed59a0be46cad6886f6a1c8,1,20241102_194109.jpg
893df322d128b9f0219d4b103aa0ca49,1,20241220_224454.jpg
896993293d5e5f4b8b5d231d864aeb07,1,20241122_122912.jpg
89969cd074907b63114ee9f875eb599f,1,20241130_154214.jpg
89c391c624cd0b61c81e898a452c73e3,1,20241130_164638.jpg
89d290ab939fbe5c4f881c5c333a3bba,1,20240729_130027.jpg
89d582676dbc79207796c1bbb9ed3108,1,20241105_222003.jpg
89ebfbbf724f3544b9d48aa5c60d7fe8,1,20241117_161028.jpg
89ed72d457c2015ef9dbad9c544f0b86,1,20241102_124115.jpg
89f994bdfbe8ff9dccc518d59cfa4a38,1,20240929_114946.jpg
8a46fd56402fe8b919999b050f57e729,1,20240906_115536.jpg
8a5f57ceac4125af365a79b66f5f9df8,1,20240728_125008.jpg
8a7463fc13b5102bc9fecb0a6524c638,1,20241102_124933.jpg
8a7e87657cf9851607b7e0db57e51276,1,20241201_083440.jpg
8adb189aac1d8889d47411b9b12673b9,1,20240729_102447.jpg
8b0a6a4b329dff1fa1159fae97ec1dae,1,20241101_220027.jpg
8b42bdbd0093d00fea4344a0d07c55cf,1,20241101_192058.jpg
8b76b7b33705c2696a16a848925895fc,1,20240801_201217.jpg
8b8d75be790a8661cb16f9e1ba6ed13b,1,20241118_210516.jpg
8b976845d63671e00ee438486f0be015,1,20241130_170320.jpg
8ba04c2953ea79f4e6a8523f6034ca53,1,20241225_193128.jpg
8bbb8c54a85640f2c1692513769a9070,1,20240729_010338.jpg
8bc3cbf936e152bbcbf08ccffee212c0,1,20241108_175335.jpg
8c0e122b4065a7e71a911febb6415ad2,1,20240727_195543.jpg
8ccbcf1c5b7ca12ef5c91465b9131725,1,20241123_112749.jpg
8cdc07ed9071223a64869d72aef119da,1,20240914_163740.jpg
8d02c2541ca5c4c21bdbd1631b06487a,1,20240914_123508.jpg
8d2c930957e6d4814dd6191fae81a39b,1,20240727_183027.jpg
8d31c3e6897ef46ee3ad7d34642228a4,1,20241207_132037.jpg
8d96c5969b2699376739e4616c52f4dd,1,20241101_181116.jpg
8e5f1150b7c915575e4f58b201e89a74,1,20240807_234432.jpg
8e94e2fa9d2b9474ecd2608f1425bd35,1,20240727_220631.jpg
8ed66a20c902d77909e675ce34a1e9b7,1,20241026_131158.jpg
8ee6469549e42edf07a4e92b79ac743a,1,20240728_182119.jpg
8f0acd1659c8e955ee33756c0899a1e3,1,20241130_170151.jpg
8f8dcfea2fed9b2535a3ff603851101a,1,20241122_122833.jpg
8faee8f65ccbe027f1ac40e422d31a41,1,20240828_210531.jpg
906e12ad3cf74e61679889bd8e1be993,1,20241005_200834.jpg
9082a22062290d863529e746eb6b1cee,1,20240727_220629.jpg
9086bbd4c6c9230647cf7d34ee5b98bf,1,20241130_165551.jpg
90d81adc74d4ac1a75d43bc104ecbe6f,1,20240915_190104.jpg
90df9e07038779295e8ed391f9c89964,1,20241023_201917.jpg
91713022b133f3dca088d10cb92b6699,1,20240727_103318.jpg
91fa27a03b1cef15c9fc4982a664709a,1,20240728_175758.jpg
922be4a47488b4c6ed7f1ed8c17b715a,1,20240728_110933.jpg
922ec49937d54b7adb2ed1b4d498755f,1,20241130_165550.jpg
92376b3a62b90d7079065476eef2b4cb,1,20240803_155629.jpg
9307cbc344ccf4be91cc51a6a8578daf,1,20240814_064803.jpg
930b0c7a71e39f29bb338d69e5537033,1,20240929_171801.jpg
935628eae2026b7ff06e1762f3dd8436,1,20240929_165916(0).jpg
937995e97cbb019395ca1be05dad2078,1,20240831_225027.jpg
9387f685932d69a470682660081cda38,1,20240816_112445.jpg
93f4ba88f3f2f7867570d4c9bfca8a0d,1,20240810_134511.jpg
94118295ea7d9d19a6c41d707d8b535a,1,20241130_164714.jpg
945b85a3206ee8a7dd6889be6aee3f59,1,20241102_105943.jpg
94e7d0882954814cfdd3ae22b4bea859,1,20240727_183221.jpg
94ebe80159cca81cbae929848dd13943,1,20240929_185809.jpg
94fee47d574a417e474fde340a57b0f1,1,20241130_170300.jpg
95160162b4e167c80170767b97348890,1,20241118_210545.jpg
9536e772f15a6da9e84963c7adaba11d,1,20240914_143156.jpg
9542b7658cde1954c146dc0846145ab9,1,20241201_132929.jpg
955fd26d2ea4c453e5be5263670ff206,1,20240727_183230.jpg
96899f8f6551371ed29602d66c0b2fba,1,20241130_170129.jpg
968f709c9e28a6bf4c1dd74dff5f8ae6,1,20241218_205022.jpg
96985409104ad6913d8d73f302b63d75,1,20240929_192904.jpg
96c29fe1385e86b66c9cf1213bb1536f,1,20240907_070347.jpg
96c81e27f81a986762811f85673669a1,1,20241108_103549.jpg
96db75ad15c96a646b09586ec13f2853,1,20241130_154151.jpg
97090c8c99755cf4f82a74d08aa7224c,1,20240815_124614.jpg
97f830f54f76b08e8e0dc0032f2f1687,1,20241117_181223.jpg
981f7f43447ad015547b6ff35f0429c9,1,20240815_100601.jpg
990105854ccb1db05d3b21399a345fd6,1,20241004_092718.jpg
99014c7adc7f652aec69bdbe596c879a,1,20240815_162913.jpg
992d7fb0d4bfd7d3a15fd2ef0cd86c74,1,20240729_010332.jpg
99694334d3bbbd9578a34c3bbd2fa668,1,20241130_160815.jpg
9984d08c25a16ed142487ee40859ddf2,1,20240914_203127.jpg
99933ca545c1b181b7f2bf40c1f370a4,1,20241108_174505.jpg
99b033dc8b5e6a5e0cf62bebb9e689e0,1,20240816_123658.jpg
99f703cc50ac501e7ca56f8358f352c3,1,20241130_160754.jpg
9a81f12548d56ad639a84054061e6785,1,20240727_184230.jpg
9a892bd10f64086c536a2c67010077c2,1,20241013_133324.jpg
9a957203ee0129210d798f94f3c8ae4e,1,20240729_131418.jpg
9aa66b793dda4d201d6f904e20112fc5,1,20240729_142232.jpg
9ab0be491f640105e30ad2405191a20c,1,20241130_163349.jpg
9abde06ec8ed8798fad2f888acd9433d,1,20241102_194050.jpg
9af427f7d5dc83dde21481e6b55559e8,1,20241101_183708.jpg
9b28ec1e577d4d5491919eae931198e7,1,20240929_192900.jpg
9b2c86ca23782550254c4d54e5bdf301,1,20240825_105035.jpg
9b58fa3293bdf482453077380e463217,1,20240727_185842.jpg
9b6f7e8e82eaaa53042373a99dc9fa71,1,20240810_134459.jpg
9b7d61a5c8ce3deef91cb445d8388dbe,1,20240727_184304.jpg
9b923b549c3f33a90f3f71d92e17eb5b,1,20241117_181226.jpg
9ba5d8410bcf5854c9576a64af77a586,1,20241101_180810.jpg
9c0c3f4cb647e3cd5b573647098c7552,1,20240727_211548.jpg
9c7e1a29f76896287e0e821408bed177,1,20240929_165700.jpg
9ccf6336a321241455350776c9e9b399,1,20240929_190011.jpg
9cdfd2e6437775206ffcda64cbc322a7,1,20241123_112644.jpg
9d19425ea3cb1de8179f90b3fe388684,1,20241101_180809.jpg
9de39d126c485e8b8a246e28e5153bd4,1,20241117_181221.jpg
9df48b8966a46a5c2e817c1229d38f05,1,20241130_090824.jpg
9e1d681cbec4950cffafa0b67b1d01ea,1,20240727_190344.jpg
9e24c5489921b6fb24ebabc7a8f1c955,1,20241103_194026.jpg
9e3b694eda460c95a99e6d1e3b9bb238,1,20240914_143037.jpg
9e85e30f752f20decfcca53cc5e4aaad,1,20241102_131819.jpg
9ea2a3803d4578d10d54302a93f840be,1,20240727_190355.jpg
9ebf9ed2ea7c29be1307a5f1008c28a8,1,20241117_181218.jpg
9ed3fcdfe01090555fc1d06a599839f8,1,20240727_195553.jpg
9ee69208ef8b7176c45fdaf410d01933,1,20240727_185703.jpg
9f5ffa01fdc2693c4f507bb2309b8ce6,1,20241023_202907.jpg
9f934e036ba7d5fe7f502ee7f5ec38e4,1,20240728_175941.jpg
9fdbc2aa5f0624b16287b79608f33a70,1,20241101_105350.jpg
9fefec4ce83c542a28631209706ed42c,1,20240727_190333.jpg
a006b68ee6e67f02565b10097cfebe37,1,20241102_145718.jpg
a026bd46e89b898fbada5a88799330e5,1,20240816_112431.jpg
a0393b0d825224a5c82e33f277492705,1,20241220_224518.jpg
a0b02312de7d9c20c59a2b8c54cf1646,1,20240815_162910.jpg
a0fac89c1147ce434f1b27cde8f0c46e,1,20241129_175146.jpg
a14eccc1b248ef788f1ecc0658d33df0,1,20240914_140115.jpg
a16a2c507d12c1efb6e22c987cfdf390,1,20240727_112206.jpg
a1871c0030be87e03e53c7b94c856b01,1,20241130_164506.jpg
a1b78a4007dbd488f6b7a10ec56c4d49,1,20240914_140912.jpg
a1c5619f4cba9a102192438e205723d5,1,20240917_173416.jpg
a1cbb65a1c0f000470e2f3b46ac83caa,1,20240929_184053.jpg
a1f4ba5a1ab7414c124943541e96d2aa,1,20240729_130026.jpg
a23e9b69ba98828616cb2307426172e0,1,20240914_163739.jpg
a255dcde007389402bc092b0b73aa9be,1,20240727_103346.jpg
a26dc55940f98591dc52638bb43edf41,1,20240728_193011.jpg
a279f7461026ee4cf27ef3b220bfb3c2,1,20240728_194756.jpg
a2b39fd5f1e58d493988a292e55e2def,1,20241130_165424.jpg
a2cfb29d93311d891d72ce4b45a7d607,1,20240906_154158.jpg
a2d2318642f71f864aab10cc9b6b6272,1,20241124_192753.jpg
a302339f7115a8dc90b97b927752d693,1,20240728_153839.jpg
a31a047d7239394bab66f85cadcac3df,1,20240729_102453.jpg
a3363a84be6394238489580e4125c4da,1,20241130_143554.jpg
a37ae68207129c06f9df6dbee82b28ba,1,20241130_165015.jpg
a3ac7ed53c0dc44678f3be974615c824,1,20240727_185906.jpg
a3d45679b6d991abb606edbb6e492f3a,1,20240815_190507.jpg
a3fc254eadfd10829817675ad2705698,1,20240929_192909.jpg
a409ef4de9afa85a0bbef23d35b79f4a,1,20241123_135724.jpg
a4608dd940a39782cca11a3ed26dae0b,1,20241101_220315.jpg
a4610a08df1708ca5c75b5c045696fc2,1,20241101_220449.jpg
a46f2c139e27162ab8525f54cc6ae2b0,1,20240914_141053.jpg
a4bfe83c834d08e19d21b34806e12755,1,20240815_131216.jpg
a5453dec0527c0610e3416a37b657a17,1,20241102_131825.jpg
a59254fce75996045a87bedac12ca6a8,1,20240918_115430.jpg
a5944c5d55b21c53d4208faa0f038d85,1,20240729_125539.jpg
a5a96d747b9ff53f9f9dfd9ad64a2a2d,1,20240727_182045.jpg
a5c9dbff3fd185c5495569420667fb7b,1,20240728_150020.jpg
a5e28b0b3a5efd4f95913e716b03e022,1,20240727_220635.jpg
a63d42073d4a0525c0ca02fa72424b15,1,20240728_154616.jpg
a698d6f6827ea3a3fdcaf515d9858bdb,1,20240929_164604.jpg
a72a91bc44568cbdbf9e54086e638ac2,1,20240823_081544.jpg
a7407954db7736ab3325475cd7f15cb0,1,20240914_141313.jpg
a77567398d105df1a4eaa0053f639ccd,1,20241123_150504.jpg
a7ad24ad0451f728d43ef794c1e9e0b7,1,20240727_183217.jpg
a7c8beda6b7e3e750ea5ca210040d048,1,20240727_183223.jpg
a8bbbf441fb5c5ecb3fed73836832364,1,20240907_132832.jpg
a9363c50b93f299f6cfef3ff33ccd653,1,20241204_133009.jpg
a9461635723815eac6fe779e895c409f,1,20241123_135637.jpg
a95dca9ee7de816ccc82af0f3ca59a7c,1,20240729_093715.jpg
a96e4e48845ca4daf6cf0519609bfdc8,1,20241013_165235.jpg
a9efb4849db2bd769f748d03ccd1535a,1,20241122_122849.jpg
a9fe7d38fa80f1a4999a59f807a3c1b2,1,20240902_224201.jpg
aa008366df58fb1af1e28fec2fd9628d,1,20240914_203125.jpg
aad7e63375a2ad98916e395c2788d108,1,20240924_191744.jpg
ab03b2b7a6982dd950cd20d1de38a9d9,1,20241123_135615.jpg
ab63ebe117efca2b7055c3d286ecc70e,1,20241208_203804.jpg
ab73d34e2e6da312c223bf568663a390,1,20241130_165004.jpg
ab9384959353efe6cc43372a1811ed5f,1,20240728_150052.jpg
ab9888900fbcf241a8afd5d74d75a984,1,20241005_200824.jpg
abbee9a0963418df745d11cb74680d26,1,20241109_130528.jpg
abfa655b028db99b589a5e79c4e7cab3,1,20241117_161102.jpg
abfef017af0518d96bf9baac59f5c9ba,1,20241123_150458.jpg
ac3a9fdca3a1d44de41b7cb8ac8b439c,1,20241003_183957.jpg
ac5fbe50b18ba07ff78fc4efe6465267,1,20241120_143425.jpg
ac6442915f3933d6a166bd650924342d,1,20240727_182306.jpg
ac6d5b4d40ef1acb67dbe129e0dfd612,1,20241201_132922.jpg
ac9beaf25f181223aaac2d1d3def494f,1,20241123_140009(0).jpg
acae4d230778fc5b0a684417fce7e56e,1,20241130_160814.jpg
acc2b9c67896196cee4410197951f036,1,20240816_211441.jpg
acda38e8d9ee94d521d873146dd7bbe5,1,20240727_185931.jpg
ad1adcfe2e8c67d3552ca8dd5ab3da46,1,20241123_140011.jpg
ad2f97da83a200d6f6e91150eb5decb6,1,20241218_202446.jpg
ad5ab05d30eb6135452deb63e807ac90,1,20240816_153924.jpg
ad6a4e484b61bc8be2f819b1cc6220c8,1,20240728_110930.jpg
adbf363364e06e6f38fc26e6cfdbebb6,1,20240918_115427.jpg
ae171a0925dd3198af8817e0235c0852,1,20240922_185400.jpg
ae277db1e07894e30750387ae337a2dd,1,20241130_170321.jpg
ae7e7f19892ab8e2b450743bdd2710c7,1,20240727_182322.jpg
aebf24397ecfe34259cf7c4017d92d27,1,20240816_112459.jpg
aee5062446f15985cd4bb312bafe2241,1,20240727_182625_001.jpg
aefb5298d272fc198e7420a17896b10d,1,20240915_190101.jpg
aefe0fd75e0bfbb5a8d6af928095300b,1,20240914_203108.jpg
af298cd733a69fbcafb3ef1d1933243e,1,20240912_213646.jpg
af631ce90f4bcae3039365ef7d644b8c,1,20240816_153922.jpg
af82ed45cd69f37ab161b2b400666820,1,20241102_124250.jpg
af8fe75b90a2f93bf4da8c0df6fd6004,1,20240914_124332.jpg
afa965fd3fef943869faf08e91a35a1f,1,20241130_170137.jpg
afe7c654f8a6566bd1eacbd8c359034d,1,20240729_003744.jpg
b03162c245bc59a36df8847bcdc80f03,1,20240915_190123.jpg
b04e025924d6a95ea74e7e897c4aed7c,1,20240827_222908.jpg
b05b361622c6abb52be0c7ce17f91dff,1,20240728_150032.jpg
b08524b64fcdbfcc6271e88278c16673,1,20241215_133910.jpg
b085f4c8c443df0518bcdb66beaf9e51,1,20240922_083730.jpg
b0b6ec9ee79ac620249b9b8cae4b49ee,1,20240728_185959.jpg
b0dc01b003e3bfbfb338980f7d6de2b9,1,20241117_194225.jpg
b11f6dbc29632aa9bbe46035d5aed1cb,1,20240929_193025.jpg
b14628aef6ee569ef47c459d490c96e8,1,20241112_222457.jpg
b14efabff7c5681831354570bd47c247,1,20241225_182746.jpg
b1641db5390f2916f467dca7df77d051,1,20240727_205619.jpg
b16c382f3ffedfc1cf39fdfb2287cfcb,1,20240828_210700.jpg
b175d84587c23ab3c5aa5a46d1fc65e9,1,20240920_173308.jpg
b1a1005b86126bb4cb204241aede30e1,1,20240729_093725.jpg
b1f984ab237b5e322243a65e3712afa5,1,20241102_133237.jpg
b25659e79969716f5dae8161a569d240,1,20240929_200600.jpg
b2786f828375d6400605cd1adb185e69,1,20241130_170247.jpg
b29fbf945f1697e49302b523aa7a352d,1,20240916_152438.jpg
b2fc5f43392b1d421734f9382d4aa9da,1,20240816_154753.jpg
b31165301cf10ea65a35046d062e6717,1,20240914_170453.jpg
b32eef78b74392e2c33580068975a220,1,20241112_222527.jpg
b373bb245682f30838f8b25f9dfdcc90,1,20240728_152138.jpg
b3863ff6ac76b6f45569e96b43911370,1,20240727_184238.jpg
b3d01f24a304e2fa78b18e3e74716d6e,1,20241118_213222.jpg
b3e016f084ee951f0ce28fbdca859edc,1,20240815_190505.jpg
b405f16785ce6a17e4ab17ad0c3bf561,1,20241023_201854.jpg
b407743fedb212ccdf71cebd8fbe3330,1,20240727_220634.jpg
b41c205dc5cff8526db69b8564a01e90,1,20241117_183100.jpg
b438d15a0bcc06de77013484bffd30f1,1,20241109_131019.jpg
b448db9eaa3192bdfa7893954b34ca4d,1,20241123_125506.jpg
b44aacdf6dbe16b9329e99eaf9d49953,1,20240918_115429.jpg
b458e9938c3492a0049efb56ac5ad9e3,1,20241023_205126.jpg
b4629f28070a27589fd3ee2721aaf105,1,20241102_132938.jpg
b4a7b7cd2fa7163f4fb297247a10849a,1,20240914_152923.jpg
b4e27fa9820abda9ad72cece2396a50e,1,20240729_110113.jpg
b4ed6caa89b85f82de7e102e4b47b3ae,1,20240727_183222.jpg
b5296599f152224a7ed75543eb752010,1,20240728_123230.jpg
b5c76de21c01b17a39c778b6c2acde3c,1,20241102_124232.jpg
b5d3929de3d3750d1e31f5b7cd37a360,1,20240915_190109.jpg
b61a36d85cb3406e81d2f2a5591a1ec3,1,20241102_194108.jpg
b631c8774aaff3f90080c7664188db1f,1,20241124_195154.jpg
b66cbf21a4258eb8d2d6c836c0b5c8b4,1,20240805_071812.jpg
b68d8d8bbe7588be12114dc98bedcae8,1,20241001_231644.jpg
b6afd2adaf6e5632e4cf9e000730b809,1,20241218_195641.jpg
b6bb0b6b1fdf2bcd65372a93172c9d3d,1,20241012_133552.jpg
b709062d417bd31da36a1fb71617575e,1,20240728_212026.jpg
b70ec2dbf0739b455b25568a39190737,1,20240929_190142.jpg
b724fd7f317bbfde681cb06db9562225,1,20240915_192303.jpg
b7295480f224122bdf15da7b02a8e305,1,20240728_214112.jpg
b7974a3780aa4baedaf9233d61a38faf,1,20240727_184427.jpg
b7cb01070804db54b1a315e3e55bdc24,1,20241117_181216.jpg
b7d8f99b9d5b435def7fafa268a294bf,1,20241101_192048.jpg
b7efab9a85141c2ec11eafe59b609137,1,20240816_192111.jpg
b7f32566e6e3e9a52c9949c5b09f7019,1,20241130_165026.jpg
b7f8891746a99510aebd07e84341ad09,1,20241123_112656.jpg
b7f907216813b830e3777736b560c9e7,1,20241102_132940.jpg
b8047475db815aa8c1fad024c4a531bc,1,20240727_220714.jpg
b81b7d147c67fb21d9d58e4ae3e9bef3,1,20240727_184347.jpg
b82279b90e65e661e235fa5139eeb812,1,20241215_142216.jpg
b848b23925cd0ec175aa61d3b8c515be,1,20241123_112658.jpg
b878dc34f7728e848b45f1a27872b173,1,20241117_181219.jpg
b8de4ecac9c022f907fff45bb6926828,1,20241130_170301.jpg
b932ec9641866d786df34b2615aff8f1,1,20240930_124347.jpg
b95a6d198be37abd28d187654d732144,1,20240809_192925.jpg
b9d59a0d00be4049d4669ef16e4dfa69,1,20240915_192307.jpg
ba06481201c88d4c189494f3ac6d28f4,1,20240727_182043.jpg
ba7f13bcdb5710886ad6de8653507fd6,1,20240727_130146.jpg
ba816e783ab4e0aa86a3b68af8b23fb4,1,20241108_181104.jpg
bad7bebfa5778c6860abc7def26b3034,1,20241004_092700.jpg
bb0b0450fe9eae34798f19134493ce27,1,20240728_150054.jpg
bb38be06d2276eeb044e4a052c87f542,1,20240728_193042.jpg
bb39fbb5ca649529c9e9cc10fb5732be,1,20241130_165500.jpg
bb3a6da211bfa53339dd2ec7b08a8d78,1,20240728_214100.jpg
bbfeae7623c4214c4feb5f34292cdf7a,1,20240727_184352.jpg
bc0c15d313502db689d209c570750405,1,20240817_163425.jpg
bc7d333dac3081be4f8f4dfafcc53dfa,1,20241102_194111.jpg
bccf9d895816af19e2d4222269f2d8c2,1,20240915_190108.jpg
bce8dd06fcdc893e7360e85fae276ff4,1,20240727_183113.jpg
bcee728264e83f4d06d6909cebdae29a,1,20240907_130951.jpg
bcf213d4e24a00e389c916a482db31e3,1,20241102_105931.jpg
bd6bb7dd8c9c7f462f19a84e88313ef1,1,20240929_165851.jpg
bda9c01cab9db0649e9902d4f9c81df3,1,20240815_092820.jpg
bdb0f961957343bee81e9e0b34d8d55f,1,20240727_182556.jpg
bdf3f5a8daf94c9b50851ca59f30686c,1,20240729_093506.jpg
bea201134f48d03813805bd5d439fe22,1,20240817_110057.jpg
bf01a88fc545ee1550c221261fd22957,1,20241101_183704.jpg
bf09ea8e352bfdfcb7b538a52db79873,1,20240928_093535.jpg
bf389bd83b321613a0b1bac9748f9ac8,1,20240815_100605.jpg
bf46bf01009f4dcbe5c58e6a2a14ae10,1,20240929_190253.jpg
bfa2f9a609b2f9c9fedf8f20b3601923,1,20240728_231034.jpg
c0005b4eb0a44042e0c01e2939bc685e,1,20241101_215949.jpg
c01f6c0f44c8b64cc5681da3aa144f10,1,20241208_140034.jpg
c0515c5b7686cb07b0ecb519faf625fd,1,20241024_185929.jpg
c061438f88c2f8638278764612ec6c00,1,20241102_124159.jpg
c0781ff6b13899bad3b83d416779d04b,1,20240727_195558.jpg
c08ca047ee818be55106ac2ca69d89eb,1,20240928_093523.jpg
c0925462976e9236df7ea3fc430ebb97,1,20240729_111154.jpg
c0c4e41bdeaf82317e6f38c4251ee31a,1,20240816_112449.jpg
c0ee9bcab347a5ba373b3153e67908e8,1,20241101_165756.jpg
c1fdcebbeab628775328d6e9aa89a7fa,1,20240928_200255.jpg
c23feebfa0595b248344d05b863d574a,1,20240914_153233.jpg
c2dd8885ac34a507023000db54507f3e,1,20240729_111209.jpg
c2f242921d2c1d82b80de274966ff27e,1,20240902_224102.jpg
c33f8d4283ba22c83eef9ce4d4b4c74e,1,20241123_115739.jpg
c35054683705e448597f046c2b35bf39,1,20240728_193125.jpg
c35dca2b24786761b003efb64a1387db,1,20241224_212051.jpg
c3cee85594d7d6ec18957702a5b87ff1,1,20240815_190513.jpg
c43ee80a0f18dd2b60bb05b98f3d13e9,1,20241225_181121.jpg
c45a062dcc86f3e02322ada193d65812,1,20240817_111221.jpg
c47538e5b6c41c2c10fefd363b5a2529,1,20241102_124203.jpg
c483df1342b847d7a42888ba63284302,1,20240728_182310.jpg
c4a524ad600946b29d5e1c942ca90b57,1,20241110_163317.jpg
c4ccff4b595564fa7a63ca02dda33667,1,20240914_170449.jpg
c4ed558767e7ac2728edb5364dd3a69d,1,20241130_170231.jpg
c5acabcbed476408aecf274220b73336,1,20240816_153931.jpg
c5dd690b1f521086734d8249fa8e40fe,1,20240929_173221.jpg
c603577cceeafa43ebcaf19430a2bfd0,1,20240929_192858.jpg
c6139e6680cf6db1a6572ef694332316,1,20241130_165050.jpg
c636a83cba543280235aa1c9aafb8335,1,20240816_112435.jpg
c65b3f9bd390a788f693504daf101090,1,20240817_090917.jpg
c668972cc682c1f992b64e4c45763cf4,1,20241111_073139.jpg
c6def70112a7a05f34c48db44f8a12b9,1,20241124_195426.jpg
c71443580b2672f09c38948fa55f1d1c,1,20240818_181346.jpg
c74b9acf52bce3198640b088a30492a0,1,20240728_190130.jpg
c7680a1c3fbfeab2305942dc4805619f,1,20241101_184220.jpg
c784f8c9b8cee2783bec257dac37058f,1,20241129_173454.jpg
c7b438b3acff4f69430c7bf4a88b0661,1,20241215_141434.jpg
c8014f84563138141300732723f64851,1,20240728_212032.jpg
c8023d71dea3d728176da2b20454611d,1,20241117_180717.jpg
c833f1ad20d71f7ecd24d4383c160985,1,20241101_181047.jpg
c84570b451b10e4bc7043e90b334ac8b,1,20241101_184222.jpg
c860765d2f65b7d6ac51682f5a956a45,1,20240727_182312.jpg
c8d550b6e830757d0e109280323b4ca3,1,20241118_210517.jpg
c9137be9f7b9784126bdf70fb927a5aa,1,20240914_140911.jpg
c93a599273001a9364ac8aee4b44bef8,1,20240727_182326.jpg
c94ca0f1d242c3c5cfdbc29332429c56,1,20240728_182123.jpg
c973736a9c232e36580ba7cb4ce419bd,1,20241101_215945.jpg
c9c51163b9f84022b0fe8baccd9f1481,1,20241116_164044.jpg
c9e5b59695719f4093cbe1e5ea8a1c59,1,20241012_133558.jpg
ca6580066a89b23339ba2ffb8f2e9f3b,1,20240727_103348.jpg
ca6adbe715b0ef20626150f14bbb2403,1,20241102_194112.jpg
ca6d1bb69e1fda7a4fdbfe591797adc4,1,20241130_170159.jpg
ca87b77cca5c9ee9afa6ddc8284b3da3,1,20241228_093434.jpg
cad55c993ff21ed9788f07e84e706d88,1,20240728_150018.jpg
cae03beeee4ce9e0065620cdfe71712a,1,20241112_222443.jpg
cb55dbc1fb82db95d04fea4d6cfdec74,1,20240929_165702.jpg
cb7ba3e1e8d97891088ef857304044b4,1,20240728_190118.jpg
cb89aacf53e37fc9dc1f880051c4f457,1,20240930_124336.jpg
cbc7a687ebdf0c8274109ca03c3b5be2,1,20241108_175339.jpg
cc252ddb5d6e0bd1792e26753d6ba256,1,20240914_141309.jpg
cc34e66ff34099bc64a0c47a767666d8,1,20240728_190103.jpg
ccac54d3639b640740c138590f166d3f,1,20240728_182103.jpg
cd1656f62c9cfcabd3c092672b1fc307,1,20241122_122426.jpg
cd23ce0314228d033a3afba2acccdc85,1,20240729_074643.jpg
cd26ee2524c7d05c7cbf7c2fef8f8cf3,1,20240727_190145.jpg
cd7dec88ee1c85e16c2a28db573d99e2,1,20241130_165007.jpg
cdd6ee89f28056ab62712f87c2f12812,1,20241023_192956.jpg
cdedb825cf44e503baf7b6fdf603b2bd,1,20240929_185807.jpg
cdf3aedf7df9729b8f821f30e2843967,1,20240727_184334.jpg
ce0ad9a12237d612d4dd385c47faf2a0,1,20241123_135917.jpg
ce388b2b2fa8a5087fead09b855aa263,1,20240929_190148.jpg
ce394d1c193bf50c88eabfcf747f29d2,1,20241130_165234.jpg
ce7bdaa9839a80d2774d0dc957600a76,1,20241123_115746.jpg
ce88ab2b1a51c739d8e7f8738bcba1b6,1,20240929_171758.jpg
cef5685bc68b6547d049a43fb7fc3e0c,1,20241130_165104.jpg
cf146ce80f829487d283041226b268d1,1,20241124_195158.jpg
cf6a19607061b123172eb40e2c2f6e61,1,20240727_110703.jpg
cf91ef9e547c157a02e0b1fafddc74a8,1,20241102_105935.jpg
cff9af15be8cf622c399419dbdded3da,1,20241102_105941.jpg
cffdb7e2df9f0c8865bd2c9e9c61a984,1,20240929_184059.jpg
d0074b8cccb22b0a880607493a946830,1,20240727_182033.jpg
d011b0808b2c80c9407220b59f22e126,1,20241130_165027.jpg
d049a9e33535156ed59510c7f1c61571,1,20241101_165745.jpg
d0889037b4bc958d775d1cecd8ad2c31,1,20241026_135612.jpg
d0a0f6e95a1379c26d4b9d21ea640e61,1,20240727_182024.jpg
d0a2d956883fb5971446ddd86a7a6c31,1,20240924_184821.jpg
d18b4e09a957ebc47e6321707abb9258,1,20241101_090708.jpg
d1a3bd25de61eec42dfa29efeef34a96,1,20240912_170525.jpg
d1ccc5d2a81d2b3c29a6f3c59194b246,1,20240929_192855.jpg
d21d9f1ec0a2bfd1ddfcb57d266497d3,1,20240906_151033.jpg
d245ef72152397b71970ebee2a1295fd,1,20241123_112654.jpg
d2af3f6f6b96f0173a703922a3c20954,1,20240924_191736.jpg
d3438651c1a581410f9cfe2aa900e12d,1,20241012_195150.jpg
d3a48681d90ee606f001e03144f555a7,1,20240727_183204.jpg
d4591c854cdd2e897801d8a611350612,1,20241013_165714.jpg
d461842cf22d0b453041a7add4f45f68,1,20241123_135913.jpg
d493ac5471055982dd0982cfc24a9b9f,1,20241102_133233.jpg
d4fbf538abecc97310cc3f770ecb8dee,1,20240924_191611.jpg
d50ed69fb9e35362963e5c8a8e367ba9,1,20241215_142219.jpg
d573bc46583a041d50e5327976ef2449,1,20241026_145352.jpg
d5a85d576fa624015448b80184088edc,1,20240816_131042.jpg
d621adff999f02a06f5235de5b123dfb,1,20240727_182314.jpg
d631439850c2efffd45a2437614745ac,1,20241124_201042.jpg
d651e0462f22203fb63481284dacb6fd,1,20241024_185924.jpg
d6e8b9d7d75bfcdccd89ba9197783f27,1,20241101_170434.jpg
d7216adf80ba1778763e240d8de53f7a,1,20240929_193027.jpg
d72a241d92438158c3ad1bc80cd39945,1,20241120_183709.jpg
d72aef1a7c8fb0deeb18b6b1f9a76eeb,1,20240728_160552.jpg
d771a929c76228511706bde2e39b7c2e,1,20241102_194045.jpg
d78748ba860ea44814054828593d10a7,1,20241012_145927.jpg
d79a2ebf7a41b80d744c6ac1857eef83,1,20240809_192957.jpg
d7a643805e6466fd56083087b67edc63,1,20240905_070234.jpg
d7f85baa91bb2f69a8a10138753c0376,1,20241101_180856.jpg
d845e09c8111fd21ec389e8557e3556b,1,20241130_165215.jpg
d84bc8841e318d6c50206803e453caae,1,20241123_140010(0).jpg
d855d454b74b37bd03202dfc39a03495,1,20241101_220709.jpg
d891cc19278de44a9431a7e31f4767f8,1,20240727_153142.jpg
d8a2826e6b1e1fe127c0c6e7bf14227b,1,20241103_141227.jpg
d904d2cab99b6bee1652dbfd2d76a9f3,1,20240727_184550.jpg
d90c0b1d647f25ffd8dbeb3caee597d6,1,20241130_163407.jpg
d94d2260e41047d44566ea68c91e45f6,1,20240727_182318.jpg
d94efa82b8a49387e17629e8bbad3299,1,20240729_110139.jpg
d953fb0362c2eb9a351d824c17020b72,1,20240818_183708.jpg
d966dcd69f82eb39818b36e2924d9051,1,20241122_122841.jpg
d98fb26f4f08ddc7b0f7ead8b921ba4e,1,20240916_122644.jpg
d9a3c834cf3f3b19b41b6fb3beab4745,1,20240831_225043.jpg
d9a5c9f4d49cf3e57b458e9ee429d856,1,20240929_164529.jpg
d9bbc0ba85d0a0b3661b5399cfd1bcb9,1,20240728_160558.jpg
d9e839c70b110f42c6410bdd9fec044c,1,20240914_143200.jpg
d9f890bd556081145af03a6136d0d485,1,20240929_200558.jpg
da141a4b66d1790381873dd6509ccb50,1,20241130_165548.jpg
da392f31a193ee0fd572ab30d435f5d1,1,20240914_140122.jpg
da47b7fbc2c3f8bc89cef3b5785286f2,1,20240728_175950.jpg
da8968deee5913de1af3e4fb4557659d,1,20240914_124250.jpg
da8fde11e2ed6b6a32a63c969c9805e2,1,20241117_183111.jpg
dab0c784ae66e52ad28ad0935af0ee9d,1,20241009_180744.jpg
dab2fdc27e03ce3e9a1ce3af1da55eb8,1,20240817_090916.jpg
dabdeee84cf33a9a2a6ff9d325def0f0,1,20241109_130530.jpg
dad990a2611cd23ece17c6930eb0740f,1,20241102_145802.jpg
db091f566517416634161e45f878b183,1,20240815_205818.jpg
db2ce7814ab198547b9161c3a1389feb,1,20241130_164510.jpg
db3f4636d8f17ba633a03f3f73969ad1,1,20241217_071754.jpg
db4aec601f234135ac614d34b6f9df97,1,20241102_144129.jpg
db59fc8a13825934f7ccf8f652f14a89,1,20241101_220017.jpg
db6a377bfb530a5faa4be7bd5eda3e2c,1,20241130_164713.jpg
db8cdacf44b16ded7cf6c182607c2a55,1,20240727_184549.jpg
dbc7a786cafe0f1b698da4c2b96e76d1,1,20240914_162723.jpg
dc01bde042a4671e6561f4860ca8b8bd,1,20241130_165502.jpg
dc23638b87444de53e1bfd7952f44ba8,1,20240825_200418.jpg
dc9a9253a37f08edc29614e0a091c42b,1,20240915_190055.jpg
dcc783dfaa3237af68a2135b343a6534,1,20241130_165047.jpg
dccacf94a6ed3a0a11960a282bcaa6e2,1,20240929_171815.jpg
dd115fe35596794dcd94cfc7ff7e4f7f,1,20240727_125146.jpg
dd138b78210dc31f84fdee5c254afdb6,1,20241013_165245.jpg
dd4b37a2f9eb376d2bedb2280ee844a7,1,20240929_165916.jpg
dd4f44972823bcb6d69032ff627eb5b7,1,20240914_141316.jpg
ddaf44600137a6a37dcfafeb4f9ebe1f,1,20241207_132218.jpg
de1cd8a30857c3de9405cf32b0582535,1,20241102_105938.jpg
de26078eeb67fbfc3b3d6f4ea668079d,1,20240907_130949.jpg
ded534681d0fcba0153d0412cf00d739,1,20241108_103854.jpg
df0f5ece5d2ebdd3812086c6f24bc6da,1,20241222_173307.jpg
df3ed9189eac493f08acc71f4ea38451,1,20241123_115821.jpg
df901f746ac2d098778c0776e8658b48,1,20240727_210520.jpg
df965d3667ab14d7c8a9688476223492,1,20241130_154216.jpg
dfb5fdd61494b1c3ae8bb5a3d38e0e80,1,20240906_103737.jpg
dff99f0505df52de21ea84a68b6d6dbc,1,20240803_151546.jpg
dffee306dbbfbf759e845d6b6c483f76,1,20241006_105806.jpg
e008d101e3ca8b37db3da8be38575833,1,20241130_160818.jpg
e02fb81c9a549fb18f499d554b2fefbb,1,20241130_165214.jpg
e045151f3e8838efa4672281b2f12f8b,1,20240914_162727.jpg
e04c35596b792019b4b4000c787a0f5c,1,20241123_135833.jpg
e07abd8e132495ea6fb3ec2f4cc39425,1,20241101_194847.jpg
e131859e2c0f4a960b75eef97efe6542,1,20241101_184647.jpg
e1a2eb3210a6eed01d94ce33dd87dcea,1,20240825_200412.jpg
e1c08c66004079936dcac145c62162d0,1,20240929_200559.jpg
e1d328509b38311ef2bce8c79180620c,1,20241101_180851.jpg
e1f48e831a68a8665fead1e8cd39351c,1,20240727_182316.jpg
e27bcfb5f5eda51337423837913bc798,1,20241124_200930.jpg
e2886f10b93e90b52c153fa9e2e98233,1,20240727_103352.jpg
e299744df2921c4b7683442e7727f707,1,20241101_191200.jpg
e2bedb318742d147fd1c6e336d9d20e2,1,20241123_115736.jpg
e2ca24702e390b167d3bc06673429d3d,1,20241207_132017.jpg
e2e80a35045f5e526687cbaa209c2c32,1,20240727_153145.jpg
e2f9f0fd30c8880db1cf2bc9ada65c22,1,20241130_165018.jpg
e392abddbe4c84da8d28ef97de7c4563,1,20240807_234447.jpg
e3e9e94a79b11cc6ff84bab02f09cf23,1,20241225_182745.jpg
e4200d492d48d85af4bc093db3701b43,1,20241130_170201.jpg
e44ac45d529372172abd8e549bb2a019,1,20240816_130609.jpg
e484562782a6cd6fc563fd4a1a8154d9,1,20240824_161818.jpg
e48b3d01c79660b396fda0e9734a3da6,1,20241101_192109.jpg
e49aac0c868eff698e212718646b7692,1,20241101_222213.jpg
e4bda3b7d0e3f5b52ee98d66794315d1,1,20240803_165757.jpg
e503fc34830e93e4c7b9231616bbb340,1,20241130_165049.jpg
e528cf3df62e1d8c8ae6e7edeef63a28,1,20241130_165439.jpg
e52e7a5a3bd176aedcb81d9d4e390cad,1,20241102_110322.jpg
e55e21369bd11b374b1e40537924e298,1,20240727_190303.jpg
e563f6621d5bc525108231d1acae010d,1,20241109_135823.jpg
e566d71954e118c868b7c418370a171a,1,20240727_211552.jpg
e56ba7f5d54f9c2ad1570bebdf6cac71,1,20240815_131213.jpg
e578c9890102c11a7f8b31986f4d634f,1,20240803_155450.jpg
e5aa5cc9c2982404b4340625efdd4366,1,20241102_110325.jpg
e5eb6a84695ba62afdfe10f1193eaff3,1,20241208_140047.jpg
e618a6dbf8a7a3e3d3dcc146e8197ddb,1,20240727_195615.jpg
e618f2908efe5dab369f5f3ed073aea2,1,20240803_155446.jpg
e66859d0cfc9f7a93d0dfb1896ccab85,1,20240816_192103.jpg
e68ef05314795b5ab01dcbbfcbf2389c,1,20240909_205252.jpg
e6b4f90e5e0caccc4d557310293fe27e,1,20241113_135206.jpg
e7316d3d8f6e27442f40c30f7569b0d6,1,20240728_193053.jpg
e7daa49f1c555d7258baf12dad7e0b0f,1,20240816_184249.jpg
e7fbe0aea9ed64bf8cd0995bde92c91e,1,20240729_110109.jpg
e7fc15172e7983c16c48ce2f8384f358,1,20241123_135933.jpg
e84240ca6ace24a142be32bbe6226d01,1,20241123_132656.jpg
e8470b6f33dd95bcfbf45620972d0d10,1,20241101_180823.jpg
e865dbd0f2fbf1e5027365d6877583e3,1,20240728_193037.jpg
e88af5940848212f547e4da50a88ecba,1,20240728_193027.jpg
e88dd1008183e7c4129b8ae23066fd3d,1,20240814_141604.jpg
e8a07d4d9175393fde574dfb4f3baa83,1,20241222_133557.jpg
e8a8c3a5b124877b484fe4dad72bcf06,1,20241123_121955.jpg
e8ad593428af4d63de7a356f6731f5d9,1,20240804_180407.jpg
e8afd52023b8db00cec196232139e2e9,1,20241101_183654.jpg
e952329537dab89d669cf9c6998911d5,1,20241108_103555.jpg
e96dcb1924a0910d32edee56bfa1bc1f,1,20240929_165919.jpg
e97b470872cac9eee100723dcd67efd0,1,20240914_163742.jpg
e99aa0244099ebbb7deba3b67889eb97,1,20240929_151026.jpg
e9ba834c4f96d93b52c1ce8e35eb0eb8,1,20241101_220039.jpg
ea40b93a9e6d59c20f2560f38a2d6f56,1,20241101_092521.jpg
ea42159559c285404ea3ca76db97ac83,1,20241101_165744.jpg
ea779160fdee396cba40ed78a520d6b6,1,20240902_111529.jpg
eaacaf78dbc059f9f6d7078d10ef6798,1,20240727_185653.jpg
ead938509476383061e7c0d89abdca7d,1,20240729_111159.jpg
eb1384d1d9e9e7e2c251243f954d2e7f,1,20241026_145355.jpg
eb471fa5c2fbd7815c178c9dcdd3ff15,1,20240816_130611.jpg
eb7024b5502bfce5ded3abad0e762317,1,20240914_174748.jpg
eb87da0f2a579e60fe4acd3c28e5c228,1,20241207_195433.jpg
ebeef89cd93a345ea705975821448fab,1,20240929_172249.jpg
ec47ae45c792c8e6e946e7b6e12ac2f3,1,20241218_200401.jpg
ecfd59afb4addfe4f32e192eaa4350b9,1,20241026_132356.jpg
ed42f29c54f118a096b82afdcb410e6c,1,20240910_202119.jpg
ed4d69ed7d2791da3cebc134e5f0b9f6,1,20240728_231128.jpg
ed5263b9af0849eeee82efb4920270c0,1,20241220_224516.jpg
ed6f773340c8e5a13d91bb58bf439dc4,1,20241023_205129.jpg
ed9601a04b2398d7bfd044a7d716ebd5,1,20240904_123245.jpg
edbcf41e4bd7bfdebd2711222f59a148,1,20240929_164610.jpg
edc75a505ea3dac5c88b1bb2307a8d5f,1,20240912_213644.jpg
edea22171e19779d4d56a3a781a542b5,1,20240728_123227.jpg
edf623f1dbe432a821457a33852b28d8,1,20240929_185931.jpg
ee2dce4b5e05932a17a700a2796bf382,1,20240814_221300.jpg
ee45e6477ca07205265247a0521b9551,1,20240727_110705.jpg
ee4d45fb7d0301f990c8f857f4e0fecc,1,20240823_202110.jpg
ee5b2f7d70547dec0136f63d8edb740d,1,20240906_102101.jpg
eeb10eb76d3d486b0e0c57b6996dcc02,1,20240930_124338.jpg
eebba7736e34b96900004930dd3a23cd,1,20240728_190004.jpg
eee239aa93f29a8db665ac54ff58772d,1,20240727_182030.jpg
eee81f2cc91ad0d31b85d68f35a03b17,1,20241130_164502.jpg
ef14a420d72e0270382ea9aea29d3d6d,1,20241201_192739.jpg
ef4849c997007ededa29356712205010,1,20241123_135400.jpg
ef4ec4589a3c90c5ba5904c933337317,1,20241101_181120.jpg
efafaef87fae5672b6e60790ec79b064,1,20241101_170136.jpg
f015c9abd1fbf8310925de558f519246,1,20241101_220511.jpg
f02b16a0051b3060ab96d1aae8077793,1,20241101_180811.jpg
f079743aa7c1f12386eace95a755b0ae,1,20240727_190316.jpg
f09ef2b585df7e579d48b7f73582e81f,1,20240929_173220.jpg
f112cf1afca0afd21de5233fcbab25d9,1,20240929_185803.jpg
f1273c13b288a0bd5bdb09ddd4415e4f,1,20241204_132044.jpg
f1c85216c469f0d96e507a68db2accaa,1,20241130_090827.jpg
f20593944ba7e77c90b6302995baa72c,1,20240728_125006.jpg
f22ea13f09020e02995a60d2667745df,1,20240727_103342.jpg
f2575ac877a62d2627ade939cd27c476,1,20240727_205622.jpg
f26f8405fa6801e5c5b23e252d906307,1,20241101_190533.jpg
f2df4e884a145bfd36e55a91fe1c56cb,1,20241012_091937.jpg
f33983b8c8b6fa8c4d6c5287fed0dae0,1,20240929_164609.jpg
f36b35f736405eba39c920fac7f2f7d4,1,20240727_184552(0).jpg
f3999b658d1750f90065ad5469dbd1c1,1,20240930_124345.jpg
f3e1ded0d33a2ff74a19055764da48ef,1,20241026_145347.jpg
f3e32d2805ffff068082c24b8eb9e5ea,1,20240914_192410.jpg
f3fff2c102bed9f758251610b2b83da8,1,20241128_101917.jpg
f442216b5ad5ec76490f9c99c0c8d818,1,20241016_222106.jpg
f453a9c1090a8148f4f5eff30d4aa3e9,1,20240916_122647.jpg
f46382f1542e14c43a14529b8fe77f59,1,20241026_135617.jpg
f4677a1d4223ff0dcb370b089fc2ec7c,1,20240727_184552.jpg
f471f02a33d304c73c7567a499d4a011,1,20241124_193022.jpg
f4927a3a5676de7035543933efd764a0,1,20241209_212542.jpg
f4f4b3644b947c6c0b466b4bcdb8c9e7,1,20240815_190518.jpg
f51f4654584c7f7cb5dfd59247c0c2f3,1,20240918_115425.jpg
f57d490ab97185028bab22419a8fc3b7,1,20241117_161058.jpg
f62cb4d4f21c13902ec13aa614d939ea,1,20241124_195803.jpg
f643175f7c1593fc06ff01c3a53c9e6c,1,20240816_192056.jpg
f6c5311046a7a10216830d7e49e3afa2,1,20240816_131044.jpg
f6cf703caf32d0532dc142b294f36a16,1,20240727_183024.jpg
f7158297691e64e1188fc87e16067d1f,1,20240816_211442.jpg
f74424fc009f87acd5ec84a437c37b08,1,20241118_213219.jpg
f76a9d7428f6140b7f7abc50e57cf6d2,1,20241102_193904.jpg
f777a9c692a620a976d83f7bb79e7665,1,20240727_214456.jpg
f7c59423ec3a41548e983f785d16b6c6,1,20241201_132924.jpg
f80acdbd1852b2747640dfbb7ed55c48,1,20240828_210527.jpg
f8451a24750732df6a44d40e4a6469c2,1,20240929_193005.jpg
f845b53595d03a33f5d5244cad84df4a,1,20241006_105746.jpg
f91c904936380d3cb3608d727fc84bb6,1,20240729_130040.jpg
f944c9bebaca7ce69b3b946d4df516d7,1,20240815_205820.jpg
f94c4f6e4d5a991daf531c9ef3587ed8,1,20240729_110132.jpg
f95c4dcb545c59213cd010a97153d17e,1,20241220_224515.jpg
f9d92c36d0d710ec600be06e13f94a1c,1,20240728_182227.jpg
f9f949032a945a838510443b2b0668d9,1,20240727_214458.jpg
fa1a9da2e02b57f9f58bb78ae79734c1,1,20241117_161030.jpg
fa701079ff7cd33b301f54eba7169c9c,1,20241026_145357.jpg
faa16f43e160ef5f3486a9aafb6e3b98,1,20240914_152920.jpg
fab9aac2d67dd02014d76fa5ae5c56a5,1,20241130_164642.jpg
fb38d53f02fe5d2e5fe43daa76c64fc2,1,20241130_170259.jpg
fb45de46d14a0b4c7d64c249c0fe3553,1,20240929_181847.jpg
fb7ae13a3d38cbb708f63dd1e63a906e,1,20240727_183227.jpg
fb93ecbfa05040b4b1ebd79a9197dc50,1,20241003_183958.jpg
fb9d9fbe857151ff26b90bb83d0555b4,1,20240831_233616.jpg
fbe786a566635d244da04d5af2817142,1,20240827_222914.jpg
fc83a8ebc33365dfeae63b9866d157fe,1,20240727_105734.jpg
fcb546cf597e5bd69283397b8a4408e5,1,20240906_102112.jpg
fd3e492e278f36efd67e9cdebe4b7232,1,20240727_221713.jpg
fd57d4c4361b83285fd0454b8df79095,1,20240729_110345.jpg
fdf871a5dc092999cc21c6c312745009,1,20240727_110657.jpg
fe357d278405f12d6aa377709fcde1f8,1,20241130_165051.jpg
fe3996418249990803d9f093b2b46e28,1,20240730_144925.jpg
fe444ef893f7828c98b6755b1ac3b37b,1,20241123_150501.jpg
ff030dbe933faf37b13e53c25eb6ef0c,1,20240727_212249.jpg
ff161322808a6b337e4741fb04451ca0,1,20240929_190251.jpg
ff1d4a6862f14fc4891e2c63db6a6cb4,1,20241012_133543.jpg
ff41ee8309e0bdaad4b881232766de3b,1,20240729_110317.jpg
ff6f043b5de437bf5af36cdc418b00c8,1,20240822_224721.jpg
ffaab7e6d23d0b37702201af0750aab2,1,20240930_122823.jpg
ffc1e0771514b265707ed725f23cf3b8,1,20240727_184539.jpg
ffed61a23122bb0cac25d6a7011b4278,1,20241012_195152.jpg
