파일경로,파일명,파일수정일,파일생성일,촬영일,파일유형,파일크기(Byte),파일해쉬쉬,파일유사도해쉬,썸네일생성결과
2021_03_14 10_31.mp4,2021_03_14 10_31.mp4,2021-03-14 10:31:36,2024-06-08 10:56:28,,동영상,2836084,268a7f62255f0c59a072814258dbf06e,,
2021_03_14 10_32.mp4,2021_03_14 10_32.mp4,2021-03-14 10:32:11,2024-06-08 10:56:28,,동영상,3173160,2fb99b425b36db80e6672df58a0ce1e9,,
2021_03_17 09_04.mp4,2021_03_17 09_04.mp4,2021-03-17 09:04:12,2024-06-08 10:56:28,,동영상,91888109,0c69c37f89963456ef5e1c2a4e96059e,,
2021_04_15 17_14.mp4,2021_04_15 17_14.mp4,2021-04-15 17:14:21,2024-06-08 10:56:28,,동영상,9617522,2e047f7dc77c61581d9d73af1c9fd672,,
2021_06_02 21_25.mp4,2021_06_02 21_25.mp4,2021-06-02 21:25:25,2024-06-08 10:56:28,,동영상,47798242,9140f0241cacbf377b24f5c11c76fa8c,,
2021_06_16 17_10.mp4,2021_06_16 17_10.mp4,2021-06-16 17:10:04,2024-06-08 10:56:29,,동영상,7422058,048c839ed45061dc1baaec1ee4a25c2d,,
BandPhoto_2021_09_08_16_50_54.jpg,BandPhoto_2021_09_08_16_50_54.jpg,2021-09-08 16:50:54,2024-06-08 10:56:29,2021:09:06 16:17:02,사진,261479,372e08d3159ff7f45d20f270886b7e60,0002c3c74f67ffff,Success
BandPhoto_2021_09_08_16_51_15.jpg,BandPhoto_2021_09_08_16_51_15.jpg,2021-09-08 16:51:15,2024-06-08 10:56:29,2021:09:06 16:38:48,사진,282430,6f514cadde1369c4440c98bd7e57770d,000002671f1fbf3b,Success
BandPhoto_2021_09_08_16_51_20.jpg,BandPhoto_2021_09_08_16_51_20.jpg,2021-09-08 16:51:20,2024-06-08 10:56:29,2021:09:06 16:57:28,사진,288358,13b6ea3bcbc727feb70bee68934a6baa,600000277ffcfeff,Success
BandPhoto_2021_09_08_16_51_58.jpg,BandPhoto_2021_09_08_16_51_58.jpg,2021-09-08 16:51:58,2024-06-08 10:56:29,2021:09:01 16:43:18,사진,376374,272901019c764b04eacfa2622c528329,1800082067236fff,Success
BandPhoto_2021_09_08_16_52_02.jpg,BandPhoto_2021_09_08_16_52_02.jpg,2021-09-08 16:52:02,2024-06-08 10:56:29,2021:09:01 16:24:03,사진,334260,8b9618b418a56d6135867bfec6ea6dc6,010000cfeffbffff,Success
BandPhoto_2021_09_08_16_52_04.jpg,BandPhoto_2021_09_08_16_52_04.jpg,2021-09-08 16:52:04,2024-06-08 10:56:29,2021:09:01 16:32:14,사진,306912,d75a1f077ebf0fd828e84740e83e6ddc,8800c0c1f7e7fefe,Success
BandPhoto_2021_09_08_16_52_06.jpg,BandPhoto_2021_09_08_16_52_06.jpg,2021-09-08 16:52:06,2024-06-08 10:56:29,2021:09:01 16:43:48,사진,382364,c5c824367c885a21e984de0768894ffc,18010104665ffcf8,Success
BandPhoto_2021_09_08_16_52_11.jpg,BandPhoto_2021_09_08_16_52_11.jpg,2021-09-08 16:52:11,2024-06-08 10:56:29,2021:09:01 17:03:02,사진,405595,14afea8cd582feaf9e2a4a542e5ca463,00002030f7f7ffff,Success
band_20220711_220456_2824296731220722804.jpg,band_20220711_220456_2824296731220722804.jpg,2022-07-11 22:05:10,2024-06-08 10:56:29,2022:07:11 22:05:08,사진,2843588,a2b959b65804f0dfebbb5ee31a4b4ba9,3c7c7c7c7c7c7c7c,Success
kakaotalk_1598778530499.mp4,kakaotalk_1598778530499.mp4,2020-08-30 18:08:50,2024-06-08 10:56:29,,동영상,53443300,93962fe7014a315937541e99cd7853b4,,
kakaotalk_1598781313993.mp4,kakaotalk_1598781313993.mp4,2020-08-30 18:55:14,2024-06-08 10:56:29,,동영상,4677166,dc74a8c5535683e7c569c2c0ce373454,,
kakaotalk_1599787371852.mp4,kakaotalk_1599787371852.mp4,2020-09-11 10:22:51,2024-06-08 10:56:29,,동영상,8739436,4cc9b5507e81e47fdd86405b4eeb6d32,,
kakaotalk_1599788081271.mp4,kakaotalk_1599788081271.mp4,2020-09-11 10:34:41,2024-06-08 10:56:29,,동영상,537016,2dfd9b48f1bf3303d4fb0669318a7d13,,
kakaotalk_1599788089093.mp4,kakaotalk_1599788089093.mp4,2020-09-11 10:34:49,2024-06-08 10:56:29,,동영상,4020574,123de9e61cfd2143cefba681666bd98c,,
kakaotalk_1599788095144.mp4,kakaotalk_1599788095144.mp4,2020-09-11 10:34:55,2024-06-08 10:56:29,,동영상,8739436,4cc9b5507e81e47fdd86405b4eeb6d32,,
kakaotalk_1599788102633.mp4,kakaotalk_1599788102633.mp4,2020-09-11 10:35:02,2024-06-08 10:56:29,,동영상,4580457,d0807307465ffd17358051294b86fdf2,,
kakaotalk_1599788110773.mp4,kakaotalk_1599788110773.mp4,2020-09-11 10:35:10,2024-06-08 10:56:29,,동영상,4192357,18f4ee3d23a68cc3adb49b110d354684,,
kakaotalk_1599788118192.mp4,kakaotalk_1599788118192.mp4,2020-09-11 10:35:18,2024-06-08 10:56:29,,동영상,4238535,e56472354cd5d9435c480e9e7306e11d,,
kakaotalk_1599788123403.mp4,kakaotalk_1599788123403.mp4,2020-09-11 10:35:23,2024-06-08 10:56:29,,동영상,4111852,2513d79cbb4e927310b6c01a67b79932,,
kakaotalk_1599788135528.mp4,kakaotalk_1599788135528.mp4,2020-09-11 10:35:35,2024-06-08 10:56:29,,동영상,5412479,2509600ec848a8f50060f09e9523a4ee,,
kakaotalk_1599978518830.mp4,kakaotalk_1599978518830.mp4,2020-09-13 15:28:38,2024-06-08 10:56:29,,동영상,3940393,fd51162d053a44031281a5405b0698ef,,
kakaotalk_1600153512715.mp4,kakaotalk_1600153512715.mp4,2020-09-15 16:05:13,2024-06-08 10:56:29,,동영상,54485524,0874cf4da41ead07ea21dc0a957c93ef,,
kakaotalk_1601900215240.mp4,kakaotalk_1601900215240.mp4,2020-10-05 21:16:55,2024-06-08 10:56:29,,동영상,91460374,0e6616a0df60c959886099fe97c24e04,,
kakaotalk_1602241814351.mp4,kakaotalk_1602241814351.mp4,2020-10-09 20:10:14,2024-06-08 10:56:29,,동영상,3019609,73dc9337e8aa7600d6c01af6b1554134,,
kakaotalk_1602241826892.mp4,kakaotalk_1602241826892.mp4,2020-10-09 20:10:26,2024-06-08 10:56:29,,동영상,14099984,4316aa92254cea7525b868972c9baaa9,,
kakaotalk_1602241835303.mp4,kakaotalk_1602241835303.mp4,2020-10-09 20:10:35,2024-06-08 10:56:29,,동영상,26098783,ae7801f4792065170bf16c200f6f2748,,
kakaotalk_1602241841092.mp4,kakaotalk_1602241841092.mp4,2020-10-09 20:10:41,2024-06-08 10:56:29,,동영상,8234679,84aafbf8d82cd4178013dbac2ececa8a,,
kakaotalk_1602241853452.mp4,kakaotalk_1602241853452.mp4,2020-10-09 20:10:53,2024-06-08 10:56:30,,동영상,11171103,7c27a1639a1b7d2d7b0c651c4ff2c3c1,,
kakaotalk_1602241869229.mp4,kakaotalk_1602241869229.mp4,2020-10-09 20:11:09,2024-06-08 10:56:30,,동영상,9187985,c4c00a6cc5a8f70fa675bec2305998b3,,
kakaotalk_1602241876103.mp4,kakaotalk_1602241876103.mp4,2020-10-09 20:11:16,2024-06-08 10:56:30,,동영상,11550609,68ba1a649018fd0d2d3c0c0f0de766a2,,
kakaotalk_1602241881282.mp4,kakaotalk_1602241881282.mp4,2020-10-09 20:11:21,2024-06-08 10:56:30,,동영상,4995712,b6196145e146d42119b489be6803c4e8,,
kakaotalk_1602315372912.mp4,kakaotalk_1602315372912.mp4,2020-10-10 16:36:12,2024-06-08 10:56:30,,동영상,13175999,4def27c3293c957b14f17ee80648d221,,
kakaotalk_1602321225966.mp4,kakaotalk_1602321225966.mp4,2020-10-10 18:13:46,2024-06-08 10:56:30,,동영상,42703296,1c476f6839eed2e964e97d0d38d2240b,,
kakaotalk_1602321355732.mp4,kakaotalk_1602321355732.mp4,2020-10-10 18:15:55,2024-06-08 10:56:30,,동영상,32965892,bea0be8d1634c445052e4cc2504c773d,,
kakaotalk_1603440531813.mp4,kakaotalk_1603440531813.mp4,2020-10-23 17:08:51,2024-06-08 10:56:30,,동영상,32664405,b3044085859193f96ac23ff548041120,,
kakaotalk_1605526422676.mp4,kakaotalk_1605526422676.mp4,2020-11-16 20:33:42,2024-06-08 10:56:30,,동영상,31786495,56ebe6512836bd8a591dba7f76e0b94e,,
kakaotalk_1631791208635.mp4,kakaotalk_1631791208635.mp4,2021-09-16 20:20:08,2024-06-08 10:56:30,,동영상,9550908,83c8d06f29aa4c177825078518f63da5,,
kakaotalk_1631791210833.mp4,kakaotalk_1631791210833.mp4,2021-09-16 20:20:10,2024-06-08 10:56:30,,동영상,9615719,987e8d5728a089adf37b72f63376ec8d,,
kakaotalk_1631791310039.mp4,kakaotalk_1631791310039.mp4,2021-09-16 20:21:50,2024-06-08 10:56:30,,동영상,9615719,987e8d5728a089adf37b72f63376ec8d,,
kakaotalk_1634637937592.mp4,kakaotalk_1634637937592.mp4,2021-10-19 19:05:37,2024-06-08 10:56:30,,동영상,3030874,71983da1295f590517e7700b2c2d6ae3,,
kakaotalk_1635811537954.mp4,kakaotalk_1635811537954.mp4,2021-11-02 09:05:38,2024-06-08 10:56:30,,동영상,950801,e0c1acb1a6cbad159542ac3cf65f03b7,,
kakaotalk_1644058569999.mp4,kakaotalk_1644058569999.mp4,2022-02-05 19:56:10,2024-06-08 10:56:30,,동영상,1115069,5a259b7ad00fdf744986b9ca93ff3f9c,,
kakaotalk_1645173349264.mp4,kakaotalk_1645173349264.mp4,2022-02-18 17:35:49,2024-06-08 10:56:30,,동영상,833367,49ca624a888384de0a0853601880247d,,
kakaotalk_1645173365193.mp4,kakaotalk_1645173365193.mp4,2022-02-18 17:36:05,2024-06-08 10:56:30,,동영상,11475184,b1a6836c6bd9ada05b4c6497cc204a3a,,
kakaotalk_1646834846503.mp4,kakaotalk_1646834846503.mp4,2022-03-09 23:07:26,2024-06-08 10:56:30,,동영상,29316765,c297223b42c0156fa98bb6531b4d95aa,,
kakaotalk_1648333998352.mp4,kakaotalk_1648333998352.mp4,2022-03-27 07:33:18,2024-06-08 10:56:30,,동영상,5532249,998c5ceba1f17d3d84b1bed6a5dc5675,,
통장사본_20211110080543.jpg,통장사본_20211110080543.jpg,2021-11-10 08:05:43,2024-06-08 10:56:30,촬영 날짜 없음,사진,381502,dcfe7ecaecac1910056b59712e2886d3,ffb18f81818783ff,Success
통장사본_20221101082336.jpg,통장사본_20221101082336.jpg,2022-11-01 08:23:36,2024-06-08 10:56:30,촬영 날짜 없음,사진,369242,913d704392daedd3c1a8fdd2fb57ce3c,fff58f81818f81ff,Success
band\BandPhoto_2021_10_01_10_07_06.jpg,BandPhoto_2021_10_01_10_07_06.jpg,2021-10-01 10:07:06,2024-06-08 10:56:30,,사진,102391,2f6273447d0f9d8f22c3053929ebfe86,1818383c3c3cfc18,Success
band\BandPhoto_2021_10_01_10_07_17.jpg,BandPhoto_2021_10_01_10_07_17.jpg,2021-10-01 10:07:17,2024-06-08 10:56:30,,사진,102346,bdd93d0acbfdbbde07297a9bfddfe965,18003c3c3c7e5c18,Success
band\BandPhoto_2021_10_01_10_07_40.jpg,BandPhoto_2021_10_01_10_07_40.jpg,2021-10-01 10:07:40,2024-06-08 10:56:30,,사진,102295,be257e7fa671b10e6e3d48687cadea69,1818383c3e3e7c18,Success
band\BandPhoto_2021_10_01_10_08_09.jpg,BandPhoto_2021_10_01_10_08_09.jpg,2021-10-01 10:08:09,2024-06-08 10:56:30,,사진,118252,f77e13c14eb64cca6ba3133782fe34f6,003c3c3e7e3c080c,Success
band\BandPhoto_2021_10_01_10_08_24.jpg,BandPhoto_2021_10_01_10_08_24.jpg,2021-10-01 10:08:24,2024-06-08 10:56:30,,사진,132579,4b33d77e822f3d63862705c130e84d8d,001cfcfefefd3000,Success
band\BandPhoto_2021_10_01_10_08_34.jpg,BandPhoto_2021_10_01_10_08_34.jpg,2021-10-01 10:08:34,2024-06-08 10:56:30,,사진,128784,08291385f8974f30ca436091f072ffcd,001c3e3e3e3e0400,Success
band\BandPhoto_2021_10_01_10_08_54.jpg,BandPhoto_2021_10_01_10_08_54.jpg,2021-10-01 10:08:54,2024-06-08 10:56:30,,사진,108989,87b2c869fd81e305283b6fa81a78e1a9,1818183c7c7c0808,Success
band\BandPhoto_2021_10_01_10_09_07.jpg,BandPhoto_2021_10_01_10_09_07.jpg,2021-10-01 10:09:07,2024-06-08 10:56:30,,사진,119973,5fbb1209aa49a52059ca14a94a3f5b97,0000003c3f7f7dfd,Success
band\BandPhoto_2021_11_25_10_42_45.jpg,BandPhoto_2021_11_25_10_42_45.jpg,2021-11-25 10:42:45,2024-06-08 10:56:30,2020:01:19 17:03:22,사진,197453,b988719d2369459a410e651d96d20213,3e3ffff4c0488080,Success
band\BandPhoto_2021_11_25_10_43_21.jpg,BandPhoto_2021_11_25_10_43_21.jpg,2021-11-25 10:43:21,2024-06-08 10:56:30,2020:01:19 16:05:11,사진,170540,fcbeff0a00e69fd29b204ab57d3e3ad1,0c8edfdf86080808,Success
band\BandPhoto_2021_11_25_10_43_33.jpg,BandPhoto_2021_11_25_10_43_33.jpg,2021-11-25 10:43:34,2024-06-08 10:56:30,2020:01:19 16:05:00,사진,176193,676dd47162a76f297717b18e2d66d5d4,cfefef0010010103,Success
band\BandPhoto_2021_11_25_10_44_05.jpg,BandPhoto_2021_11_25_10_44_05.jpg,2021-11-25 10:44:05,2024-06-08 10:56:30,2020:01:19 16:02:36,사진,173893,36a0191bc078809e944382af165fdb4a,9fdfde444400020f,Success
band\BandPhoto_2021_11_25_10_44_17.jpg,BandPhoto_2021_11_25_10_44_17.jpg,2021-11-25 10:44:17,2024-06-08 10:56:30,2020:01:19 16:01:43,사진,207424,293db1892a6ab2501d97329a46e07288,3f3ffff799180848,Success
band\BandPhoto_2021_11_25_10_44_31.jpg,BandPhoto_2021_11_25_10_44_31.jpg,2021-11-25 10:44:31,2024-06-08 10:56:30,2020:01:19 16:01:32,사진,217055,31cf55114f71b65a5755236fb7c6c8b0,1f37aeee9c104cdd,Success
band\BandPhoto_2021_11_25_10_44_47.jpg,BandPhoto_2021_11_25_10_44_47.jpg,2021-11-25 10:44:47,2024-06-08 10:56:30,2020:01:19 15:58:53,사진,214836,935f169d6a1f8ae21b74118ce7664a13,3f27a7896860c1c3,Success
band\BandPhoto_2021_11_25_10_44_51.jpg,BandPhoto_2021_11_25_10_44_51.jpg,2021-11-25 10:44:51,2024-06-08 10:56:30,2020:01:19 15:58:37,사진,209155,a71744dde00014a08ab937123fdcdbe3,5f3b36a1e97060e1,Success
band\BandPhoto_2021_11_25_10_45_02.jpg,BandPhoto_2021_11_25_10_45_02.jpg,2021-11-25 10:45:02,2024-06-08 10:56:30,2020:01:19 15:55:56,사진,191295,5346629ff9c0470c009b6fedd59449dd,0ecfdfcc0602020f,Success
band\BandPhoto_2021_11_25_10_45_09.jpg,BandPhoto_2021_11_25_10_45_09.jpg,2021-11-25 10:45:09,2024-06-08 10:56:30,2020:01:19 15:42:02,사진,198041,54b398108fa9c8271a1f09e4746def88,1e9edfde01050007,Success
band\BandPhoto_2021_11_25_10_45_11.jpg,BandPhoto_2021_11_25_10_45_11.jpg,2021-11-25 10:45:11,2024-06-08 10:56:30,2020:01:19 15:41:59,사진,206082,9059f668288d1bf7e2a2cb3d631d77ba,0f313f3307070707,Success
band\BandPhoto_2021_12_30_20_54_56.jpg,BandPhoto_2021_12_30_20_54_56.jpg,2021-12-30 20:54:56,2024-06-08 10:56:30,2021:12:29 16:56:40,사진,300063,e5e9be68fbd1406705e11306bc6bdde4,010020c1e3e3fefe,Success
band\BandPhoto_2022_01_17_13_32_07.jpg,BandPhoto_2022_01_17_13_32_07.jpg,2022-01-17 13:32:08,2024-06-08 10:56:30,2022:01:14 16:34:11,사진,234207,162d51d08ea0988929c8ebb5b4a20a57,090110001f3f7f77,Success
band\BandPhoto_2022_01_17_13_32_12.jpg,BandPhoto_2022_01_17_13_32_12.jpg,2022-01-17 13:32:13,2024-06-08 10:56:30,2022:01:14 16:34:19,사진,253338,ecb4a2c4e4ea01ca717e0fdb635034f4,030110031f7f777f,Success
band\BandPhoto_2022_02_14_07_13_29.jpg,BandPhoto_2022_02_14_07_13_29.jpg,2022-02-14 07:13:29,2024-06-08 10:56:30,2022:01:02 12:21:19,사진,279944,97e9f6647b0287638c561a6d18b301dd,7b3323230288afa7,Success
band\BandPhoto_2022_02_17_18_51_06.jpg,BandPhoto_2022_02_17_18_51_06.jpg,2022-02-17 18:51:06,2024-06-08 10:56:30,2022:02:16 17:14:47,사진,254341,3e12a2c0c0c61d9ac6b004d92795a6cb,cf000000c8deffff,Success
band\BandPhoto_2022_02_17_18_51_42.jpg,BandPhoto_2022_02_17_18_51_42.jpg,2022-02-17 18:51:42,2024-06-08 10:56:30,2022:02:16 17:49:27,사진,252433,c8d68e7542f2f987509772bcf8a1b4b9,f3a38ae3c2d0717d,Success
band\BandPhoto_2022_05_11_22_03_17.jpg,BandPhoto_2022_05_11_22_03_17.jpg,2022-05-11 22:03:17,2024-06-08 10:56:30,2022:05:07 17:49:56,사진,354268,7ac079e3b0426214bd02a19d0f256b57,8ccef8d293860f1f,Success
band\BandPhoto_2022_05_11_22_03_23.jpg,BandPhoto_2022_05_11_22_03_23.jpg,2022-05-11 22:03:23,2024-06-08 10:56:30,2022:05:07 17:49:53,사진,355782,c9750fb42adbe7d666d612bb5dd0941d,88ccf8d2d3878f1f,Success
band\BandPhoto_2022_05_14_14_09_53.jpg,BandPhoto_2022_05_14_14_09_53.jpg,2022-05-14 14:09:53,2024-06-08 10:56:30,2022:03:04 16:39:24,사진,318069,374c670a63a3cdd446d85576c2bfd9b9,2e2692c7c76ffb9f,Success
band\BandPhoto_2022_05_14_14_09_58.jpg,BandPhoto_2022_05_14_14_09_58.jpg,2022-05-14 14:09:58,2024-06-08 10:56:30,2022:03:04 16:26:04,사진,306131,899aaf261eeea5d67727c9960538f447,e0c0060f4eb9ffff,Success
band\BandPhoto_2022_05_14_14_12_59.jpg,BandPhoto_2022_05_14_14_12_59.jpg,2022-05-14 14:12:59,2024-06-08 10:56:30,2022:01:26 16:35:00,사진,219855,dc9405e4ea943a81add42a9620528273,000018fefcfffffd,Success
band\BandPhoto_2022_05_14_14_13_02.jpg,BandPhoto_2022_05_14_14_13_02.jpg,2022-05-14 14:13:02,2024-06-08 10:56:30,2022:01:26 16:40:21,사진,228513,29ed2f57908a481464de23d5c8d24c5f,c08003510f3fffff,Success
band\BandPhoto_2022_05_14_14_13_04.jpg,BandPhoto_2022_05_14_14_13_04.jpg,2022-05-14 14:13:04,2024-06-08 10:56:30,2022:01:26 16:57:01,사진,239672,baca62c68bf536b2eb196b3e742f42ae,78c407182c3f7b7f,Success
band\BandPhoto_2022_05_14_14_13_07.jpg,BandPhoto_2022_05_14_14_13_07.jpg,2022-05-14 14:13:07,2024-06-08 10:56:30,,사진,330750,c93035ac12ab3f36793a4d1174275be5,6360683c3f02ffcf,Success
band\BandPhoto_2022_05_14_14_13_15.jpg,BandPhoto_2022_05_14_14_13_15.jpg,2022-05-14 14:13:15,2024-06-08 10:56:30,2022:01:26 16:26:12,사진,233513,cf12b2768d483193d85c8403b68232d8,0f01006866feffff,Success
band\BandPhoto_2022_05_15_07_35_09 (1).jpg,BandPhoto_2022_05_15_07_35_09 (1).jpg,2022-05-15 07:35:09,2024-06-08 10:56:30,,사진,169097,2a7d5a27b7f9ee98dde12b6bed450776,71605c501decc0fe,Success
band\BandPhoto_2022_05_15_07_35_14.jpg,BandPhoto_2022_05_15_07_35_14.jpg,2022-05-15 07:35:14,2024-06-08 10:56:30,,사진,166138,c7ecf2ecc5b8c5242b3f8517c49e964d,0270f6fa90073efe,Success
band\BandPhoto_2022_05_15_07_35_18.jpg,BandPhoto_2022_05_15_07_35_18.jpg,2022-05-15 07:35:18,2024-06-08 10:56:30,,사진,161502,ee76a9fb6acbdce00dc8497435dfda36,0407e1c90b1f78fe,Success
band\BandPhoto_2022_05_15_07_35_22.jpg,BandPhoto_2022_05_15_07_35_22.jpg,2022-05-15 07:35:22,2024-06-08 10:56:30,,사진,177904,aa212da684154e8af7cd81cfcad1f932,001c4d442e7fc3eb,Success
band\BandPhoto_2022_05_15_07_35_28.jpg,BandPhoto_2022_05_15_07_35_28.jpg,2022-05-15 07:35:28,2024-06-08 10:56:30,,사진,166609,3ab39f6d7ecd846a72ebe90234e23168,0002e8804f7ff07e,Success
band\BandPhoto_2022_05_15_07_35_31.jpg,BandPhoto_2022_05_15_07_35_31.jpg,2022-05-15 07:35:31,2024-06-08 10:56:30,,사진,163738,faa5d67eeb0e25c2c7fb884378eb62d0,020ff0720f0f787e,Success
band\BandPhoto_2022_05_15_07_35_39.jpg,BandPhoto_2022_05_15_07_35_39.jpg,2022-05-15 07:35:39,2024-06-08 10:56:30,,사진,161807,8ce0c3b078da7c9cf5a10e02d780df36,71288f3c30c7ff0b,Success
band\BandPhoto_2022_05_15_07_40_19.jpg,BandPhoto_2022_05_15_07_40_19.jpg,2022-05-15 07:40:19,2024-06-08 10:56:31,,사진,76924,c1762ad6b60a94ceab0576eb359af263,1c3c9f8e8e9cf8f0,Success
band\BandPhoto_2022_06_07_20_41_17.jpg,BandPhoto_2022_06_07_20_41_17.jpg,2022-06-07 20:41:17,2024-06-08 10:56:31,2022:05:22 11:44:45,사진,423398,7773a52bd479a93dd72384455836543d,e2c028c9c9ffff28,Success
band\BandPhoto_2022_06_08_08_07_36.jpg,BandPhoto_2022_06_08_08_07_36.jpg,2022-06-08 08:07:36,2024-06-08 10:56:31,2022:05:25 17:30:15,사진,278108,14f88c8da0311fbbaf53e2bd1b010a7f,c000106f2f7fffff,Success
band\BandPhoto_2022_06_12_18_42_37.jpg,BandPhoto_2022_06_12_18_42_37.jpg,2022-06-12 18:42:37,2024-06-08 10:56:31,2022:06:12 12:34:35,사진,291060,144208c248a4385c4083a7580191006a,ffffdf1b0000f0f3,Success
band\BandPhoto_2022_06_12_18_42_53.jpg,BandPhoto_2022_06_12_18_42_53.jpg,2022-06-12 18:42:53,2024-06-08 10:56:31,2022:06:12 12:34:38,사진,270400,b997ddb91aa49e777c0ca8a2cc97b655,ffffff1b0000f07b,Success
band\BandPhoto_2022_06_12_18_43_37.jpg,BandPhoto_2022_06_12_18_43_37.jpg,2022-06-12 18:43:37,2024-06-08 10:56:31,2022:06:12 12:45:14,사진,330529,b904928af04c96bd0b5fc9674a2f8a06,fffbe989030327e7,Success
band\BandPhoto_2022_06_12_18_44_14.jpg,BandPhoto_2022_06_12_18_44_14.jpg,2022-06-12 18:44:14,2024-06-08 10:56:31,2022:06:12 13:30:28,사진,332068,a11088ec142a73f944dad5cf8cbd9cce,9fdd2f83b3b03070,Success
band\BandPhoto_2022_06_12_18_46_33.jpg,BandPhoto_2022_06_12_18_46_33.jpg,2022-06-12 18:46:33,2024-06-08 10:56:31,2022:06:12 13:51:31,사진,382347,649b0293cd2cac6660c4f1ad966aa254,fdea82e3ec3c1f0d,Success
band\BandPhoto_2022_06_24_14_46_49.jpg,BandPhoto_2022_06_24_14_46_49.jpg,2022-06-24 14:46:49,2024-06-08 10:56:31,2022:06:22 16:58:01,사진,268131,13b7b200505dced20dd6d8034a6c4d3d,1030fe201b1b7f7e,Success
band\BandPhoto_2022_07_04_21_47_09.jpg,BandPhoto_2022_07_04_21_47_09.jpg,2022-07-04 21:47:09,2024-06-08 10:56:31,2022:07:01 15:33:30,사진,233720,bea174a96186ccdf78b35f41de2451d1,81fcbc367e787c64,Success
band\BandPhoto_2022_07_04_21_47_20.jpg,BandPhoto_2022_07_04_21_47_20.jpg,2022-07-04 21:47:20,2024-06-08 10:56:31,2022:07:01 15:19:45,사진,228736,655e7355348fe0462c8068ae5c595ef8,8100c1fbefc9ff7f,Success
band\BandPhoto_2022_07_04_21_47_22.jpg,BandPhoto_2022_07_04_21_47_22.jpg,2022-07-04 21:47:22,2024-06-08 10:56:31,2022:07:01 15:19:51,사진,238007,610e3ae0c1a75586bbebac2f8d07437d,66632030dbf7ff80,Success
band\BandPhoto_2022_07_04_21_48_17.jpg,BandPhoto_2022_07_04_21_48_17.jpg,2022-07-04 21:48:17,2024-06-08 10:56:31,2022:06:29 16:24:44,사진,192075,66b5325a4534914e6f7691a36a3d6e38,808090001fffffff,Success
band\BandPhoto_2022_07_04_21_48_31.jpg,BandPhoto_2022_07_04_21_48_31.jpg,2022-07-04 21:48:31,2024-06-08 10:56:31,2022:06:29 16:27:37,사진,201674,42c9500eaeda71b804a3b926e799fe01,0020600c1f3fffff,Success
band\BandPhoto_2022_07_04_21_48_41.jpg,BandPhoto_2022_07_04_21_48_41.jpg,2022-07-04 21:48:41,2024-06-08 10:56:31,2022:06:29 16:56:05,사진,280316,b80ec34a32bb020771bf268ecbcb6c1c,04f2e13df1f0e0f0,Success
band\BandPhoto_2022_07_23_11_40_18.jpg,BandPhoto_2022_07_23_11_40_18.jpg,2022-07-23 11:40:18,2024-06-08 10:56:31,2022:07:22 21:14:04,사진,221706,e28f5533d39f882f5f636ea39468d037,ffffffe9c0800900,Success
band\BandPhoto_2022_07_23_11_40_20.jpg,BandPhoto_2022_07_23_11_40_20.jpg,2022-07-23 11:40:20,2024-06-08 10:56:31,2022:07:22 21:14:01,사진,211034,0e5f6dd95cef0adf285850c718baae2e,ffffefe1c7010100,Success
band\BandPhoto_2022_07_23_11_40_33.jpg,BandPhoto_2022_07_23_11_40_33.jpg,2022-07-23 11:40:33,2024-06-08 10:56:31,2022:07:22 21:13:57,사진,271895,63057d065694f70c7a546d83ff194776,fcffb62303023737,Success
band\BandPhoto_2022_07_24_18_01_27.jpg,BandPhoto_2022_07_24_18_01_27.jpg,2022-07-24 18:01:27,2024-06-08 10:56:31,2022:07:24 12:21:57,사진,222899,6e4e0c1391a68fbe441704f3f675636e,000023e7e7e7e7f7,Success
band\BandPhoto_2022_07_24_18_03_05.jpg,BandPhoto_2022_07_24_18_03_05.jpg,2022-07-24 18:03:05,2024-06-08 10:56:31,2022:07:24 10:11:30,사진,304440,faf8373b2c2e7b1a25b5e49439b8b0b1,ffffff036301101e,Success
band\BandPhoto_2022_07_24_18_05_16.jpg,BandPhoto_2022_07_24_18_05_16.jpg,2022-07-24 18:05:16,2024-06-08 10:56:31,,사진,254236,aaa9054aa33540d1b14897ef7f25d2f9,ffffffe301800001,Success
band\BandPhoto_2022_07_24_18_18_47.jpg,BandPhoto_2022_07_24_18_18_47.jpg,2022-07-24 18:18:47,2024-06-08 10:56:31,2022:07:23 10:48:41,사진,355172,4449e75750b8e0de07d432851f133150,ffffd7c360785c0c,Success
band\BandPhoto_2022_07_24_18_19_42.jpg,BandPhoto_2022_07_24_18_19_42.jpg,2022-07-24 18:19:42,2024-06-08 10:56:31,2022:07:23 10:12:53,사진,276166,bdebee8590ca258ec43f7a81c091144d,bba0b0f06060f0f3,Success
band\BandPhoto_2022_07_24_18_19_54.jpg,BandPhoto_2022_07_24_18_19_54.jpg,2022-07-24 18:19:54,2024-06-08 10:56:31,2022:07:23 10:11:44,사진,314990,4ea03a37a86c552ad723b14361ef4258,eeec8f03c1c0e7bf,Success
band\BandPhoto_2022_07_24_18_21_01.jpg,BandPhoto_2022_07_24_18_21_01.jpg,2022-07-24 18:21:01,2024-06-08 10:56:31,2022:07:23 14:16:38,사진,324981,46487ea9beb303e60c601fdc0755d395,bfffffff0501003e,Success
band\BandPhoto_2022_07_24_18_21_05.jpg,BandPhoto_2022_07_24_18_21_05.jpg,2022-07-24 18:21:05,2024-06-08 10:56:31,2022:07:23 14:16:32,사진,318334,cfc56c0e2cf1ec969b5f7292ac6be26f,9fffffff0001003e,Success
band\BandPhoto_2022_07_24_18_21_08.jpg,BandPhoto_2022_07_24_18_21_08.jpg,2022-07-24 18:21:08,2024-06-08 10:56:31,2022:07:23 14:16:39,사진,327623,2d1d2e732f8bbd43c4288c3bae1b8248,bfffffff0501003e,Success
band\BandPhoto_2022_07_24_18_21_10.jpg,BandPhoto_2022_07_24_18_21_10.jpg,2022-07-24 18:21:10,2024-06-08 10:56:31,2022:07:23 14:16:28,사진,320234,d130e8e540acf454600fdb676c83d45e,9fffffff0511003e,Success
band\BandPhoto_2022_07_31_15_37_36.jpg,BandPhoto_2022_07_31_15_37_36.jpg,2022-07-31 15:37:36,2024-06-08 10:56:31,2022:07:30 13:27:55,사진,238198,d85dfcb1ff5a254037037bdd0a1d1e5f,fffbf6fc0000f004,Success
band\BandPhoto_2022_07_31_15_39_47.jpg,BandPhoto_2022_07_31_15_39_47.jpg,2022-07-31 15:39:47,2024-06-08 10:56:31,2022:07:30 13:39:40,사진,167813,08ded690214f42519c9086438448ba8b,fcfcf8ddd9981878,Success
band\BandPhoto_2022_07_31_15_39_59.jpg,BandPhoto_2022_07_31_15_39_59.jpg,2022-07-31 15:39:59,2024-06-08 10:56:31,2022:07:30 13:39:54,사진,236619,e7683392925a29db1807c811b7665d31,ffffef4f4f060000,Success
band\BandPhoto_2022_07_31_15_42_55.jpg,BandPhoto_2022_07_31_15_42_55.jpg,2022-07-31 15:42:55,2024-06-08 10:56:31,2022:07:30 11:41:27,사진,214103,957962bcc92ecd7693a02d9ae3a873d6,fbe3e361809987c7,Success
band\BandPhoto_2022_07_31_15_43_04.jpg,BandPhoto_2022_07_31_15_43_04.jpg,2022-07-31 15:43:04,2024-06-08 10:56:31,2022:07:30 11:51:17,사진,182049,d4a9d1a1c66dae295b5f9fcbe172ae2a,3e3f3f2f781c0000,Success
band\BandPhoto_2022_07_31_15_43_11.jpg,BandPhoto_2022_07_31_15_43_11.jpg,2022-07-31 15:43:11,2024-06-08 10:56:31,2022:07:30 11:51:22,사진,169351,752e97c3157eb1ba66dfe51b88fe7ee2,bfff3f07800001ba,Success
band\BandPhoto_2022_07_31_15_43_18.jpg,BandPhoto_2022_07_31_15_43_18.jpg,2022-07-31 15:43:18,2024-06-08 10:56:31,2022:07:30 11:51:32,사진,210022,cabba8eee23d83483c5da0f3c7b0860f,f8f1f17078630b7d,Success
band\BandPhoto_2022_08_01_21_16_34.jpg,BandPhoto_2022_08_01_21_16_34.jpg,2022-08-01 21:16:34,2024-06-08 10:56:31,2022:07:09 10:13:27,사진,188380,faf547b569b8d10400c310f3dc83477b,fcfcf0d098381819,Success
band\BandPhoto_2022_08_01_21_16_43.jpg,BandPhoto_2022_08_01_21_16_43.jpg,2022-08-01 21:16:43,2024-06-08 10:56:31,2022:07:16 08:50:11,사진,179099,fcb84959c64e23c10c9191d239bb0c58,ffff9f9399189800,Success
band\BandPhoto_2022_08_01_21_22_55.jpg,BandPhoto_2022_08_01_21_22_55.jpg,2022-08-01 21:22:55,2024-06-08 10:56:31,2022:07:30 17:28:22,사진,413762,7c4f43236150395fa266fe791916320c,feffff0114003e3d,Success
band\BandPhoto_2022_08_01_21_23_05.jpg,BandPhoto_2022_08_01_21_23_05.jpg,2022-08-01 21:23:05,2024-06-08 10:56:31,2022:07:30 17:28:23,사진,395106,518409f1c2b2e73ffb1472ca4a8009c3,feffff0300001e3d,Success
band\BandPhoto_2022_08_01_21_23_34.jpg,BandPhoto_2022_08_01_21_23_34.jpg,2022-08-01 21:23:34,2024-06-08 10:56:31,2022:07:30 17:28:36,사진,336315,8cf98e0eba0506748514771c530dffa3,fffcff070110187d,Success
band\BandPhoto_2022_08_01_21_24_29.jpg,BandPhoto_2022_08_01_21_24_29.jpg,2022-08-01 21:24:29,2024-06-08 10:56:31,2022:07:31 10:55:34,사진,187667,cd16b9d22ccb434f2edb60c99170c4ab,7e636343e0f07c0c,Success
band\BandPhoto_2022_08_01_21_24_39.jpg,BandPhoto_2022_08_01_21_24_39.jpg,2022-08-01 21:24:39,2024-06-08 10:56:31,2022:07:31 11:05:48,사진,157934,dc61d65400935e59bc9f20d89697ebe3,ffffff7f38404000,Success
band\BandPhoto_2022_08_01_21_25_01.jpg,BandPhoto_2022_08_01_21_25_01.jpg,2022-08-01 21:25:01,2024-06-08 10:56:31,2022:07:31 11:30:02,사진,188683,9c0f03997c6bc908823c54e21fe2991b,cfcfcb810f9b9381,Success
band\BandPhoto_2022_08_01_21_25_58.jpg,BandPhoto_2022_08_01_21_25_58.jpg,2022-08-01 21:25:58,2024-06-08 10:56:31,2022:07:30 13:27:55,사진,238198,d85dfcb1ff5a254037037bdd0a1d1e5f,fffbf6fc0000f004,Success
band\BandPhoto_2022_08_01_21_26_01.jpg,BandPhoto_2022_08_01_21_26_01.jpg,2022-08-01 21:26:01,2024-06-08 10:56:31,2022:07:30 13:27:59,사진,248042,17e2e13e70d767a5f7e8e1d23dd853ca,fc38fafefe001810,Success
band\BandPhoto_2022_08_01_21_33_01.jpg,BandPhoto_2022_08_01_21_33_01.jpg,2022-08-01 21:33:01,2024-06-08 10:56:31,2022:07:29 16:50:38,사진,286303,b05fb737de23e16713c7d7575d6dd886,294d5160f8fcb0fe,Success
band\BandPhoto_2022_08_01_21_34_06.jpg,BandPhoto_2022_08_01_21_34_06.jpg,2022-08-01 21:34:06,2024-06-08 10:56:31,2022:07:29 15:42:27,사진,244772,ecf92ab220580910a218b4adc71cde9a,ffffbf00109142c0,Success
band\BandPhoto_2022_08_01_21_34_10.jpg,BandPhoto_2022_08_01_21_34_10.jpg,2022-08-01 21:34:10,2024-06-08 10:56:31,2022:07:29 15:42:31,사진,249954,eb3a71fdf13bc3ab29cc1a3d9dfa2d29,ffffbf20101080c0,Success
band\BandPhoto_2022_08_01_21_34_37.jpg,BandPhoto_2022_08_01_21_34_37.jpg,2022-08-01 21:34:37,2024-06-08 10:56:31,2022:07:29 15:43:24,사진,257685,92ce2d889efa40c0dfa2cc9fa7cfd501,fffebe202008c060,Success
band\BandPhoto_2022_08_11_14_09_51.jpg,BandPhoto_2022_08_11_14_09_51.jpg,2022-08-11 14:09:51,2024-06-08 10:56:31,2021:08:02 16:07:47,사진,265599,718ada654d750b8246e9484bcf615065,001c780c7de3efff,Success
band\BandPhoto_2022_08_11_14_09_54.jpg,BandPhoto_2022_08_11_14_09_54.jpg,2022-08-11 14:09:54,2024-06-08 10:56:31,2021:08:02 16:21:37,사진,286026,4d199f81a09e0b50086b155a44958cc9,001010033fffffff,Success
band\BandPhoto_2022_08_11_14_10_02.jpg,BandPhoto_2022_08_11_14_10_02.jpg,2022-08-11 14:10:02,2024-06-08 10:56:31,2021:08:02 16:46:14,사진,279193,c36f2d0c799aeee2897fc16231dc4e6c,0000c077ffffefc3,Success
band\BandPhoto_2022_08_11_14_10_27.jpg,BandPhoto_2022_08_11_14_10_27.jpg,2022-08-11 14:10:27,2024-06-08 10:56:31,2021:08:11 16:53:45,사진,286476,069c22ee6b784a3c349b129bd0126fcd,0000e3e76fddff7c,Success
band\BandPhoto_2022_08_11_14_10_39.jpg,BandPhoto_2022_08_11_14_10_39.jpg,2022-08-11 14:10:39,2024-06-08 10:56:31,2021:08:18 16:18:24,사진,358815,a8a5536510358ffe9ab6496f3d464511,4000c050ffbefc3f,Success
band\BandPhoto_2022_08_11_14_10_40.jpg,BandPhoto_2022_08_11_14_10_40.jpg,2022-08-11 14:10:40,2024-06-08 10:56:31,2021:08:18 16:30:00,사진,315876,e81315b328c935e22f809b8887411f67,e000007fffdbdf7f,Success
band\BandPhoto_2022_08_11_14_11_15.jpg,BandPhoto_2022_08_11_14_11_15.jpg,2022-08-11 14:11:15,2024-06-08 10:56:31,2021:10:13 16:33:29,사진,294863,7aee705091d07faefbe794effea06bdf,40c043c7cf8f2f67,Success
band\BandPhoto_2022_08_11_14_11_29.jpg,BandPhoto_2022_08_11_14_11_29.jpg,2022-08-11 14:11:29,2024-06-08 10:56:31,2021:10:15 17:32:18,사진,282274,b10f694a7b3d06498e2b527680f6eb64,fbcf0fcb83888d85,Success
band\BandPhoto_2022_08_11_14_11_33.jpg,BandPhoto_2022_08_11_14_11_33.jpg,2022-08-11 14:11:34,2024-06-08 10:56:31,2021:10:15 17:22:42,사진,330755,cc11781af019476ef357d63a2ff54aed,000000e1ffffe2e7,Success
band\BandPhoto_2022_08_11_14_11_47.jpg,BandPhoto_2022_08_11_14_11_47.jpg,2022-08-11 14:11:47,2024-06-08 10:56:31,2021:10:18 16:48:25,사진,240495,ceb9f6501c44f7e151c32f15eb685d89,008000435f3f7f7f,Success
band\BandPhoto_2022_08_12_14_01_46.jpg,BandPhoto_2022_08_12_14_01_46.jpg,2022-08-12 14:01:46,2024-06-08 10:56:31,2019:08:21 16:15:40,사진,159310,5485bbb30d19a2bf6d04b8e0e9cb1430,ffefe7c382020100,Success
band\BandPhoto_2022_08_12_14_01_59.jpg,BandPhoto_2022_08_12_14_01_59.jpg,2022-08-12 14:01:59,2024-06-08 10:56:31,2019:08:21 16:15:47,사진,155157,5ebb28dedb9d71758c8a4d47fe1e6444,ffffe3c382000110,Success
band\BandPhoto_2022_08_12_14_13_34.jpg,BandPhoto_2022_08_12_14_13_34.jpg,2022-08-12 14:13:34,2024-06-08 10:56:31,2018:01:25 18:35:40,사진,87123,5fd25f47229ab94506093c2c18a53285,05307fe7ffe52427,Success
band\BandPhoto_2022_09_26_12_23_13.jpg,BandPhoto_2022_09_26_12_23_13.jpg,2022-09-26 12:23:13,2024-06-08 10:56:31,2022:03:07 17:05:46,사진,217804,b80b17e1c7703d49b5c6c65aabf90a54,98383d73c6e5df83,Success
band\BandPhoto_2022_09_26_12_23_16.jpg,BandPhoto_2022_09_26_12_23_16.jpg,2022-09-26 12:23:16,2024-06-08 10:56:31,2022:03:07 16:26:37,사진,260408,c00a73c41912e01a61a2e521b34bed26,02060789dfe7bf7f,Success
band\BandPhoto_2022_09_26_12_23_24.jpg,BandPhoto_2022_09_26_12_23_24.jpg,2022-09-26 12:23:24,2024-06-08 10:56:31,2022:03:07 15:51:35,사진,291794,1e09571c3770ab554eb35cd5d74b55f9,ffe7cfcb81010004,Success
band\BandPhoto_2022_09_26_12_23_26.jpg,BandPhoto_2022_09_26_12_23_26.jpg,2022-09-26 12:23:26,2024-06-08 10:56:31,2022:03:07 15:51:36,사진,294349,bd74981ff87ffcb4b11ee718932271d0,ffe7cfcb81010004,Success
band\BandPhoto_2022_09_26_12_23_57.jpg,BandPhoto_2022_09_26_12_23_57.jpg,2022-09-26 12:23:57,2024-06-08 10:56:31,2022:03:14 16:54:40,사진,193717,c888afa9784d090ab4abf34845e6680e,0000076f3f3f7f7f,Success
band\BandPhoto_2022_09_26_12_24_07.jpg,BandPhoto_2022_09_26_12_24_07.jpg,2022-09-26 12:24:07,2024-06-08 10:56:31,2022:03:04 16:26:04,사진,306131,899aaf261eeea5d67727c9960538f447,e0c0060f4eb9ffff,Success
band\BandPhoto_2022_09_26_12_24_14.jpg,BandPhoto_2022_09_26_12_24_14.jpg,2022-09-26 12:24:14,2024-06-08 10:56:31,2022:03:04 16:39:24,사진,318069,374c670a63a3cdd446d85576c2bfd9b9,2e2692c7c76ffb9f,Success
band\BandPhoto_2022_09_26_12_24_29.jpg,BandPhoto_2022_09_26_12_24_29.jpg,2022-09-26 12:24:29,2024-06-08 10:56:31,2022:02:23 16:14:51,사진,269192,756368a68d9e0685ed6927adcd1b3660,00203ce0f8f7ff7f,Success
band\BandPhoto_2022_09_26_12_24_35.jpg,BandPhoto_2022_09_26_12_24_35.jpg,2022-09-26 12:24:35,2024-06-08 10:56:31,2022:02:23 16:25:43,사진,314707,fc552aa61eae63376f46b070b48a130c,00003841fbfff7ff,Success
band\BandPhoto_2022_09_26_12_24_41.jpg,BandPhoto_2022_09_26_12_24_41.jpg,2022-09-26 12:24:41,2024-06-08 10:56:31,,사진,299934,99915e3bcdb73e25da235a20b5e8c512,0f02121f3f1d0103,Success
band\BandPhoto_2022_09_26_12_25_06.jpg,BandPhoto_2022_09_26_12_25_06.jpg,2022-09-26 12:25:06,2024-06-08 10:56:31,2021:08:02 16:07:47,사진,265599,718ada654d750b8246e9484bcf615065,001c780c7de3efff,Success
band\BandPhoto_2022_09_26_12_25_18.jpg,BandPhoto_2022_09_26_12_25_18.jpg,2022-09-26 12:25:18,2024-06-08 10:56:31,2021:08:02 16:46:14,사진,279193,c36f2d0c799aeee2897fc16231dc4e6c,0000c077ffffefc3,Success
band\BandPhoto_2022_09_26_12_25_43.jpg,BandPhoto_2022_09_26_12_25_43.jpg,2022-09-26 12:25:43,2024-06-08 10:56:31,2021:08:18 16:30:00,사진,315876,e81315b328c935e22f809b8887411f67,e000007fffdbdf7f,Success
band\BandPhoto_2022_09_26_12_26_02.jpg,BandPhoto_2022_09_26_12_26_02.jpg,2022-09-26 12:26:02,2024-06-08 10:56:31,2021:08:20 13:49:29,사진,303234,fbfb10ea416d0431b4d4a83bf9a77178,000033e7e1b73f9f,Success
band\BandPhoto_2022_09_26_12_26_12.jpg,BandPhoto_2022_09_26_12_26_12.jpg,2022-09-26 12:26:12,2024-06-08 10:56:31,2021:10:13 16:33:29,사진,294863,7aee705091d07faefbe794effea06bdf,40c043c7cf8f2f67,Success
band\BandPhoto_2022_09_26_12_26_29.jpg,BandPhoto_2022_09_26_12_26_29.jpg,2022-09-26 12:26:29,2024-06-08 10:56:31,2021:10:15 17:22:37,사진,321009,d358bccfbc6034d5771edf15140b2b6a,000040432ffffefc,Success
band\BandPhoto_2022_09_26_12_26_41.jpg,BandPhoto_2022_09_26_12_26_41.jpg,2022-09-26 12:26:41,2024-06-08 10:56:31,2021:10:18 16:13:14,사진,306865,df3c0c4ee7405de3d5caa7a7052f2033,ff024000fcff1f2f,Success
band\BandPhoto_2022_09_26_12_26_59.jpg,BandPhoto_2022_09_26_12_26_59.jpg,2022-09-26 12:26:59,2024-06-08 10:56:31,2021:10:18 17:29:23,사진,523946,32f13d8c5148a570cc00f1fa88097f62,fbffa79398809081,Success
band\BandPhoto_2022_09_26_12_27_18.jpg,BandPhoto_2022_09_26_12_27_18.jpg,2022-09-26 12:27:18,2024-06-08 10:56:31,2021:11:08 16:08:24,사진,291683,6e81aa1cbdd26c428caf03c5ff054a4e,002000001f7fffff,Success
band\BandPhoto_2022_09_26_12_27_31.jpg,BandPhoto_2022_09_26_12_27_31.jpg,2022-09-26 12:27:31,2024-06-08 10:56:31,2021:11:10 16:44:22,사진,255195,2e6c7c5f2472e176b714d85fe271b061,00000000fffcfde1,Success
band\BandPhoto_2022_09_26_12_27_51.jpg,BandPhoto_2022_09_26_12_27_51.jpg,2022-09-26 12:27:51,2024-06-08 10:56:31,2021:11:15 16:43:34,사진,242116,0ae8d07c5d4bd6c07711fe2c7d49b44c,3f0087838dc4dfbf,Success
band\BandPhoto_2022_09_26_12_27_53.jpg,BandPhoto_2022_09_26_12_27_53.jpg,2022-09-26 12:27:53,2024-06-08 10:56:31,2021:11:15 16:46:33,사진,256019,95dd7ea5002a4a4e68d1893f824e6caf,03c9ff7efac0c0c0,Success
band\BandPhoto_2022_09_26_12_28_11.jpg,BandPhoto_2022_09_26_12_28_11.jpg,2022-09-26 12:28:11,2024-06-08 10:56:31,2021:11:17 16:28:04,사진,281889,090279f32a92965947edde480a449f3d,600007cfcf9f3f3f,Success
band\BandPhoto_2022_09_26_12_28_18.jpg,BandPhoto_2022_09_26_12_28_18.jpg,2022-09-26 12:28:18,2024-06-08 10:56:31,2021:11:22 16:29:41,사진,270945,0efd9135eb476244696c6d7064174f31,c8c00f0f0fb67c7c,Success
band\BandPhoto_2022_09_26_12_28_23.jpg,BandPhoto_2022_09_26_12_28_23.jpg,2022-09-26 12:28:23,2024-06-08 10:56:31,2021:11:22 16:30:05,사진,234994,6dfbff07c1b337d6b13515afa273c5a1,c8060f0f1fa67c7c,Success
band\BandPhoto_2022_09_26_12_28_36.jpg,BandPhoto_2022_09_26_12_28_36.jpg,2022-09-26 12:28:36,2024-06-08 10:56:31,2021:11:24 16:47:01,사진,233509,74ad20b9d4f06cf0ecf5ddb38c89cbd8,c0c0c3c38ffff0f0,Success
band\BandPhoto_2022_09_26_12_28_50.jpg,BandPhoto_2022_09_26_12_28_50.jpg,2022-09-26 12:28:50,2024-06-08 10:56:31,2021:11:29 16:30:46,사진,271721,c4a460d3c49b73bf53a9419b251eeae7,004042879ffffcf8,Success
band\BandPhoto_2022_09_26_12_29_01.jpg,BandPhoto_2022_09_26_12_29_01.jpg,2022-09-26 12:29:01,2024-06-08 10:56:31,2021:12:01 16:12:56,사진,287389,7e16d55f02b6b263f883aec1d3bd76b4,03000200c4dfffff,Success
band\BandPhoto_2022_09_26_12_29_05.jpg,BandPhoto_2022_09_26_12_29_05.jpg,2022-09-26 12:29:05,2024-06-08 10:56:31,2021:12:01 16:28:14,사진,300240,d1d68f31d482dffce66658507a8448ec,800101c0dff7e6f6,Success
band\BandPhoto_2022_09_26_12_29_08.jpg,BandPhoto_2022_09_26_12_29_08.jpg,2022-09-26 12:29:08,2024-06-08 10:56:31,2021:12:01 16:53:17,사진,295035,4cec98346e171d11b184c0d6c7643048,800000803e3ffff8,Success
band\BandPhoto_2022_09_26_12_29_20.jpg,BandPhoto_2022_09_26_12_29_20.jpg,2022-09-26 12:29:20,2024-06-08 10:56:31,2021:12:06 16:14:01,사진,231570,582a18a6e200454842abe89921ec9f02,1e0000c0e0fcfeff,Success
band\BandPhoto_2022_09_26_12_29_21.jpg,BandPhoto_2022_09_26_12_29_21.jpg,2022-09-26 12:29:22,2024-06-08 10:56:31,2021:12:06 16:14:35,사진,300105,c285ad9bb4f9d04e5a62ddcecb9d0d4f,070701183c3e7f7f,Success
band\BandPhoto_2022_09_26_12_29_24.jpg,BandPhoto_2022_09_26_12_29_24.jpg,2022-09-26 12:29:24,2024-06-08 10:56:31,2021:12:06 16:20:06,사진,251044,7f9bb0229149cbb469ba91ab8fd2fab6,19000cc0c8f9fcfe,Success
band\BandPhoto_2022_09_26_12_29_28.jpg,BandPhoto_2022_09_26_12_29_28.jpg,2022-09-26 12:29:28,2024-06-08 10:56:31,2021:12:06 16:33:54,사진,273089,e1e973eb91562a0894730621b1e3e668,0303f31b88f6c7c1,Success
band\BandPhoto_2022_09_26_12_29_32.jpg,BandPhoto_2022_09_26_12_29_32.jpg,2022-09-26 12:29:32,2024-06-08 10:56:31,2021:12:06 16:35:56,사진,259504,86b0e6ea3034c5bfa6795f375337b3de,c3810179b8b19bc1,Success
band\BandPhoto_2022_09_26_12_29_36.jpg,BandPhoto_2022_09_26_12_29_36.jpg,2022-09-26 12:29:36,2024-06-08 10:56:31,2021:12:06 16:42:08,사진,274738,99c815370343a57c28ec23de2214226b,c000afc1c7ff7d32,Success
band\BandPhoto_2022_09_26_12_29_39.jpg,BandPhoto_2022_09_26_12_29_39.jpg,2022-09-26 12:29:39,2024-06-08 10:56:31,2021:12:06 17:00:11,사진,226886,3ea789e21fa298dfd49fb87722d48ff0,c0c0c89b30d8f7bf,Success
band\BandPhoto_2022_09_26_12_29_49.jpg,BandPhoto_2022_09_26_12_29_49.jpg,2022-09-26 12:29:49,2024-06-08 10:56:31,2021:12:22 16:33:33,사진,316131,7a35ac163dd845d960f5776ff733bc05,1c0000c038dcfef7,Success
band\BandPhoto_2022_09_26_12_30_03.jpg,BandPhoto_2022_09_26_12_30_03.jpg,2022-09-26 12:30:03,2024-06-08 10:56:31,2021:12:27 16:22:49,사진,201272,0296e0772789f70730adb6fef07ccad0,000013cf7f0f8fc7,Success
band\BandPhoto_2022_09_26_12_30_27.jpg,BandPhoto_2022_09_26_12_30_27.jpg,2022-09-26 12:30:27,2024-06-08 10:56:31,2021:12:27 17:33:32,사진,307042,4264a1661b8883a99fe500b14808b33d,ff3e240147c7cf7f,Success
band\BandPhoto_2022_09_26_12_30_29.jpg,BandPhoto_2022_09_26_12_30_29.jpg,2022-09-26 12:30:29,2024-06-08 10:56:31,2021:12:27 16:58:15,사진,264185,efd9a946b97b0822927b7b7f301e5ebc,0080c88f9fffe7c2,Success
band\BandPhoto_2022_09_26_12_31_06.jpg,BandPhoto_2022_09_26_12_31_06.jpg,2022-09-26 12:31:06,2024-06-08 10:56:31,2021:12:29 16:56:40,사진,300063,e5e9be68fbd1406705e11306bc6bdde4,010020c1e3e3fefe,Success
band\band_crop_2022-04-11_1211343.jpg,band_crop_2022-04-11_1211343.jpg,2022-04-11 12:11:34,2024-06-08 10:56:31,,사진,622794,98f40423a6ddb776901f0ef3a9cd76d2,7f3e369781030303,Success
