파일경로,파일명,파일수정일,파일생성일,촬영일,파일유형,파일크기(Byte),파일해쉬,파일유사도해쉬,썸네일생성결과
Camera\20240303_175941.jpg,20240303_175941.jpg,2024-03-03 17:59:48,2025-02-16 22:05:44,2024-03-03 17-59-41,사진,3769222,ab5e9b1ed977045bdcbff2d771b8d0bb,7e3ef0b980f8febe,Success
Camera\20240310_191738.jpg,20240310_191738.jpg,2024-03-10 19:17:41,2025-02-16 22:05:44,2024-03-10 19-17-38,사진,6845434,f4717b31903f65c195d85c961b46837c,797141614060e0e3,Success
Camera\20240317_175810.jpg,20240317_175810.jpg,2024-03-17 17:58:11,2025-02-16 22:05:44,2024-03-17 17-58-10,사진,4146189,3b121bd6ea2c883e39bdf1265774bc9b,180c1c8ce9634f0f,Success
Camera\20240324_190446.jpg,20240324_190446.jpg,2024-03-24 19:04:48,2025-02-16 22:05:45,2024-03-24 19-04-46,사진,3328560,1b129a6652c14a196d9ab02055b9446c,ffe780d0d3d31f1f,Success
Camera\20240331_172024.jpg,20240331_172024.jpg,2024-03-31 17:20:25,2025-02-16 22:05:45,2024-03-31 17-20-24,사진,3897132,8ca0b4cf35405132607fa12d15f8927b,787830383c1e0fdd,Success
Camera\20240407_173344.jpg,20240407_173344.jpg,2024-04-07 17:33:46,2025-02-16 22:05:45,2024-04-07 17-33-44,사진,3599307,965e0b388d83dd69d03ace06ede556fa,fff8fc08839e8686,Success
Camera\20240414_175259.jpg,20240414_175259.jpg,2024-04-14 17:53:03,2025-02-16 22:05:45,2024-04-14 17-53-00,사진,3935741,9ed60b86748b36286615722d49a49eb0,703af8a899f7c4d8,Success
Camera\20240421_181059.jpg,20240421_181059.jpg,2024-04-21 18:11:01,2025-02-16 22:05:45,2024-04-21 18-10-59,사진,3853324,eed99f9e6fc9eaca59a257be2cc35304,0f2b1030a4ffefdf,Success
Camera\20240428_175910.jpg,20240428_175910.jpg,2024-04-28 17:59:13,2025-02-16 22:05:45,2024-04-28 17-59-10,사진,3553962,f510efc22ecca268f7eb7500c109091a,e1d993c0e076f3d0,Success
Camera\20240512_191658.jpg,20240512_191658.jpg,2024-05-12 19:17:00,2025-02-16 22:05:46,2024-05-12 19-16-58,사진,3451199,93e2a94121453d64cf9c119d3c68adaa,efff170607070f9f,Success
